"Outcome_M2","Quan_2","Quan_3","Quan_4","Quan_5","Quan_6","Quan_7","Quan_10","Quan_11","Cat_4","Quan_16","Quan_18","Cat_110","Cat_349","Cat_404","Cat_466","Cat_467","Cat_469","Cat_484","Cat_494","Cat_498"
3000,8300,76,538046,0,0,0,0,0,"183",16,16,"0","0","0","0","1","2","0","0","0"
8000,7600,50,557614,0,0,0,0,0,"446",4,0,"0","0","0","0","0","0","0","0","0"
15000,8000,66,1119115,0,0,0,0,0,"11",16,0,"0","0","0","0","0","2","0","0","0"
2000,7600,81,58666,0,0,0,0,0,"543",8,8,"2","0","0","0","0","0","0","0","0"
6000,6900,98,428382,58,29,13,38,26,"687",32,0,"0","0","0","0","1","0","0","1","0"
3000,6000,81,62984,9,1,3,7,0,"589",0,0,"0","0","0","0","0","0","0","0","0"
2000,6900,112,414785,0,0,0,0,0,"501",0,0,"0","0","0","0","0","0","0","0","0"
500,4700,10,42767,0,0,0,0,0,"248",0,0,"0","0","0","0","0","0","0","0","0"
500,4800,10,0,0,0,0,0,0,"33",16,0,"0","0","0","0","0","0","0","0","0"
10000,5100,78,508995,0,0,0,0,0,"41",0,0,"0","0","0","0","0","0","0","0","0"
3000,4300,53,1698,4,2,0,3,1,"909",4,0,"3","0","0","0","0","0","0","0","0"
2000,6500,54,37635,0,0,0,0,0,"155",6,0,"2","0","0","0","0","0","0","0","0"
2000,6900,45,216645,0,0,0,0,0,"266",14,0,"0","0","0","0","0","0","0","0","0"
6000,7000,58,670326,0,0,0,0,0,"264",6,0,"0","0","0","0","0","0","0","0","0"
2000,6100,42,77366,0,0,0,0,0,"226",0,0,"2","0","0","0","0","0","0","0","0"
6000,8800,99,332670,0,0,0,0,0,"384",0,0,"0","0","0","0","0","2","0","0","0"
500,7100,35,149470,0,0,0,0,0,"366",0,0,"0","0","0","0","0","0","0","0","0"
5000,6400,96,746269,0,0,0,0,0,"18",0,0,"0","0","0","0","0","2","0","0","0"
500,4600,3,38595,0,0,0,0,0,"395",0,0,"0","0","0","0","0","0","0","0","0"
2000,7300,85,0,0,0,0,0,0,"586",0,0,"0","0","0","0","0","0","0","0","0"
500,6400,29,0,0,0,0,0,0,"182",2,0,"0","0","0","0","0","0","0","0","0"
2000,6800,21,0,0,0,0,0,0,"329",0,0,"0","0","0","0","0","0","0","0","0"
500,5700,13,13798,0,0,0,0,0,"222",0,0,"0","0","0","0","0","0","0","0","0"
11000,7600,55,0,14,5,8,7,1,"1354",4,0,"0","0","0","0","0","0","0","0","0"
2000,7100,58,327817,0,0,0,0,0,"546",0,0,"0","0","0","0","0","2","0","0","0"
2000,8000,79,143718,0,0,0,0,0,"572",12,0,"0","0","0","0","1","0","0","0","0"
11000,7900,61,652377,0,0,0,0,0,"51",2,0,"0","0","0","0","0","0","0","0","0"
2000,7200,61,606019,0,0,0,0,0,"431",2,0,"2","0","0","0","0","2","0","0","0"
500,6900,39,73049,4,1,1,3,1,"1388",0,0,"0","0","0","0","0","0","0","0","0"
6000,0,1,224077,80,6,67,4,1,"1166",8,0,"3","0","0","0","0","0","0","1","0"
15000,7200,105,856200,0,0,0,0,0,"399",0,0,"0","0","0","0","1","2","0","1","0"
18000,8200,101,743429,0,0,0,0,0,"189",16,16,"2","0","0","0","1","2","0","1","0"
40000,8400,63,1649272,0,0,0,0,0,"39",2,0,"0","0","0","0","0","0","0","0","0"
6000,8200,50,743429,0,0,0,0,0,"189",14,14,"2","0","0","0","1","2","0","1","0"
5000,7800,106,343410,0,0,0,0,0,"389",4,0,"0","0","0","0","1","0","0","1","0"
3000,8900,37,0,12,5,5,5,4,"1168",0,0,"3","0","0","0","0","0","0","0","0"
500,6600,9,0,1,0,0,1,0,"677",8,0,"0","0","0","0","0","0","0","0","0"
2000,5500,52,0,40,11,5,19,9,"1152",0,0,"2","0","0","0","0","0","0","0","0"
2000,7900,53,58806,0,0,0,0,0,"158",0,0,"0","0","0","0","0","2","0","0","0"
19000,6500,79,529465,0,0,0,0,0,"252",8,8,"2","0","0","0","0","0","0","0","0"
2000,6700,66,503559,0,0,0,0,0,"37",2,0,"0","0","0","0","0","0","0","0","0"
2000,6900,29,396498,0,0,0,0,0,"251",8,0,"0","0","0","0","0","0","0","0","0"
15000,8600,92,1172663,36,13,17,7,5,"48",22,0,"0","0","0","0","1","2","0","0","0"
10000,8100,44,438659,0,0,0,0,0,"51",2,0,"0","0","0","0","0","0","0","0","0"
29000,7300,100,872255,76,33,26,37,24,"260",24,0,"0","0","0","0","1","2","0","0","0"
13000,8500,84,169907,60,20,24,45,16,"754",12,0,"0","0","0","0","1","0","0","1","1"
500,5300,10,176797,3,0,0,3,0,"1234",0,0,"4","0","0","0","0","0","0","0","0"
500,6300,73,35887,0,0,0,0,0,"387",12,0,"0","0","0","0","0","0","0","0","0"
2000,6100,70,215765,0,0,0,0,0,"18",0,0,"2","0","0","0","0","0","0","0","0"
2000,8100,96,0,0,0,0,0,0,"140",50,0,"0","0","0","0","0","0","0","0","0"
500,7600,63,4538,7,2,2,2,1,"655",4,0,"3","0","0","0","0","0","0","0","0"
2000,4700,55,13632,1,0,0,1,0,"85",2,0,"3","0","0","0","0","0","0","0","0"
2000,4000,7,98168,0,0,0,0,0,"222",0,0,"0","0","0","0","0","0","0","0","0"
500,7300,6,119498,0,0,0,0,0,"202",14,0,"0","0","0","0","0","0","0","0","0"
2000,7600,51,384726,0,0,0,0,0,"380",0,0,"2","0","0","0","0","0","0","0","0"
500,6200,89,1564,0,0,0,0,0,"644",8,0,"0","0","0","0","0","0","0","0","0"
6000,6000,42,55669,35,16,10,18,10,"1362",16,0,"0","0","0","0","0","0","0","0","0"
18000,9000,82,802286,0,0,0,0,0,"48",20,0,"0","0","0","0","1","2","0","1","0"
2000,4300,48,108948,0,0,0,0,0,"672",0,0,"2","0","0","0","0","0","0","0","0"
16000,8300,110,870647,0,0,0,0,0,"40",4,0,"0","0","0","0","1","2","0","0","0"
2000,5600,60,331563,0,0,0,0,0,"360",2,0,"0","0","0","0","0","0","0","0","0"
3000,6400,24,0,27,3,3,6,0,"285",0,0,"0","0","0","0","0","0","0","0","0"
15000,8400,144,1173440,0,0,0,0,0,"30",0,0,"0","0","0","0","0","2","0","0","0"
500,6400,4,0,0,0,0,0,0,"739",0,0,"2","0","0","0","0","0","0","0","0"
26000,7800,43,697011,0,0,0,0,0,"5",2,0,"0","0","0","0","0","0","0","0","0"
5000,7700,90,75621,0,0,0,0,0,"217",0,0,"0","0","0","0","0","0","0","0","0"
35000,8600,121,1399606,0,0,0,0,0,"129",40,0,"2","0","0","0","0","2","0","0","0"
13000,8900,44,907439,0,0,0,0,0,"127",2,0,"0","0","0","0","0","0","0","0","0"
3000,8600,95,395580,0,0,0,0,0,"478",0,0,"0","0","0","0","1","0","0","0","0"
2000,7900,72,58648,0,0,0,0,0,"7",8,0,"0","0","0","0","0","0","0","0","0"
5000,7500,87,1575180,0,0,0,0,0,"19",8,0,"3","0","0","0","0","0","0","0","0"
6000,7300,49,788296,0,0,0,0,0,"49",4,0,"0","0","0","0","0","2","0","0","0"
500,6400,26,150368,0,0,0,0,0,"660",0,0,"2","0","0","0","0","0","0","0","0"
3000,0,1,174848,0,0,0,0,0,"323",0,0,"2","0","0","0","1","0","0","0","0"
500,6800,35,73049,4,1,1,4,1,"1388",0,0,"0","0","0","0","0","0","0","0","0"
2000,6200,7,0,3,0,1,0,0,"69",0,0,"0","0","0","0","0","0","0","0","0"
3000,7800,77,466603,0,0,0,0,0,"193",16,0,"0","0","0","0","0","0","0","0","0"
5000,8000,67,275695,0,0,0,0,0,"224",8,0,"0","0","0","0","0","0","0","0","0"
8000,8300,90,372875,0,0,0,0,0,"311",32,0,"0","0","0","0","0","2","0","0","0"
2000,8600,96,248407,0,0,0,0,0,"225",8,0,"0","0","0","0","0","0","0","0","0"
18000,8500,134,420774,0,0,0,0,0,"172",16,0,"0","0","0","0","0","2","0","0","0"
500,5000,71,50584,0,0,0,0,0,"631",4,4,"2","0","0","0","0","0","0","0","0"
500,7500,46,8412,0,0,0,0,0,"348",4,0,"0","0","0","0","0","0","0","0","0"
3000,5200,41,769,35,0,24,7,0,"1125",0,0,"0","0","0","0","0","0","0","0","0"
500,7800,76,14,11,5,3,7,2,"637",0,0,"0","0","0","0","1","0","0","0","0"
2000,4400,5,334360,1,0,0,0,0,"1131",0,0,"2","0","0","0","0","0","0","0","0"
500,4400,12,25831,2,0,0,2,0,"377",0,0,"0","0","0","0","0","0","0","0","0"
500,2900,37,233505,0,0,0,0,0,"447",8,0,"0","0","0","0","0","0","0","0","0"
500,7200,60,47363,0,0,0,0,0,"7",8,0,"0","0","0","0","0","0","0","0","0"
11000,7700,88,557614,0,0,0,0,0,"446",4,0,"0","0","0","0","1","0","0","0","0"
2000,7100,56,111812,0,0,0,0,0,"559",2,0,"2","0","0","0","0","0","0","0","0"
2000,8300,64,14306,8,4,3,2,2,"1010",12,12,"0","0","0","0","0","0","0","0","0"
500,5500,10,384334,0,0,0,0,0,"277",0,0,"0","0","0","0","0","0","0","0","0"
37000,4200,37,0,58,1,42,6,0,"1179",0,0,"0","0","0","0","0","2","0","0","0"
6000,8800,68,16504,23,9,14,6,3,"52",12,0,"0","0","0","0","0","0","0","0","0"
3000,7500,57,777132,0,0,0,0,0,"295",8,8,"0","0","0","0","0","0","0","0","0"
5000,7700,88,0,23,7,5,13,5,"305",10,0,"4","0","0","0","0","0","0","0","0"
500,7900,37,0,0,0,0,0,0,"198",14,0,"0","0","0","0","0","0","0","0","0"
3000,8300,53,503093,0,0,0,0,0,"398",16,0,"0","0","0","0","0","0","0","0","0"
18000,8400,95,336930,0,0,0,0,0,"432",2,0,"0","0","0","0","1","2","0","1","0"
32000,7600,84,820707,0,0,0,0,0,"40",8,0,"0","0","2","0","1","2","0","0","0"
500,4300,18,0,5,1,2,2,0,"1146",4,0,"0","0","0","0","0","0","0","0","0"
2000,7800,84,1879,9,4,3,6,3,"587",12,0,"0","0","0","0","1","0","0","1","0"
56000,8800,110,527439,0,0,0,0,0,"189",16,16,"2","0","0","0","1","2","0","1","0"
23000,5700,8,227165,9,1,6,2,0,"382",0,0,"0","0","0","0","0","0","0","0","0"
2000,6300,53,241413,0,0,0,0,0,"244",0,0,"0","0","0","0","0","0","0","0","0"
16000,7500,98,850888,0,0,0,0,0,"571",0,0,"0","0","0","0","1","2","0","1","1"
8000,8400,113,538046,0,0,0,0,0,"183",16,16,"0","0","0","0","1","2","0","1","0"
5000,6800,46,75598,0,0,0,0,0,"201",4,0,"0","0","0","0","0","0","0","0","0"
3000,3800,39,450556,11,1,2,11,1,"244",0,0,"0","0","0","0","0","0","0","0","0"
8000,7400,109,250974,0,0,0,0,0,"16",8,8,"0","0","0","0","0","0","0","1","0"
3000,7500,82,0,0,0,0,0,0,"126",12,0,"0","0","0","0","0","2","0","0","0"
11000,7200,127,941734,25,7,11,10,4,"643",0,0,"0","0","0","0","1","0","0","0","0"
3000,7900,75,208574,27,6,14,12,6,"286",6,0,"2","0","0","0","0","0","0","0","0"
500,7700,70,155555,2,0,2,0,0,"701",8,0,"0","0","0","0","0","0","0","0","0"
8000,7200,80,242444,6,0,2,2,0,"664",0,0,"2","0","0","0","0","0","0","0","0"
24000,8500,58,1238684,0,0,0,0,0,"39",2,0,"0","0","0","2","1","0","0","0","0"
10000,8600,129,780782,0,0,0,0,0,"278",0,0,"0","0","0","0","1","0","0","0","0"
3000,5500,68,761,0,0,0,0,0,"443",16,0,"2","0","0","0","0","0","0","0","0"
500,6300,10,221857,0,0,0,0,0,"174",0,0,"0","0","0","0","0","0","0","0","0"
2000,7700,27,466940,0,0,0,0,0,"213",4,0,"0","0","0","0","0","0","0","0","0"
181000,9300,114,3220430,0,0,0,0,0,"11",18,18,"3","0","0","0","1","2","0","1","1"
6000,8000,30,539483,0,0,0,0,0,"51",2,0,"0","0","0","0","0","0","0","0","0"
3000,7200,101,324749,0,0,0,0,0,"355",10,10,"0","0","0","0","0","0","0","0","0"
3000,6700,62,570116,0,0,0,0,0,"340",16,0,"3","0","0","0","0","0","0","0","0"
19000,8800,125,348241,85,25,42,39,20,"384",8,0,"0","0","0","0","1","2","0","1","0"
2000,8600,34,15804,0,0,0,0,0,"52",6,0,"0","0","0","0","0","0","0","0","0"
500,6300,12,97941,0,0,0,0,0,"453",0,0,"0","0","0","0","0","0","0","0","0"
3000,6100,98,641442,0,0,0,0,0,"632",16,0,"0","0","0","0","1","0","0","0","0"
8000,8000,43,1164838,0,0,0,0,0,"44",4,0,"0","0","0","0","0","0","0","0","0"
15000,7200,55,495179,0,0,0,0,0,"281",0,0,"0","0","0","0","0","0","0","0","0"
8000,7900,44,11049,0,0,0,0,0,"265",4,0,"0","0","0","0","0","0","0","0","0"
3000,5700,12,407303,19,3,9,8,2,"19",4,0,"0","0","0","0","0","0","0","0","0"
500,6400,10,190084,2,1,0,2,1,"680",0,0,"0","0","0","0","0","0","0","0","0"
8000,7600,87,371070,0,0,0,0,0,"46",24,0,"0","0","0","0","0","2","0","0","0"
3000,6900,22,416229,0,0,0,0,0,"202",16,16,"0","0","0","0","0","0","0","0","0"
2000,6900,68,664806,0,0,0,0,0,"378",0,0,"0","0","0","0","1","0","0","0","0"
3000,7900,67,90029,0,0,0,0,0,"52",2,0,"0","0","0","0","0","0","0","0","0"
500,7000,45,0,0,0,0,0,0,"7",12,0,"0","0","0","0","0","0","0","0","0"
2000,6700,56,0,0,0,0,0,0,"901",0,0,"0","0","0","0","0","0","0","0","0"
2000,5600,6,0,0,0,0,0,0,"890",0,0,"0","0","0","0","0","0","0","0","0"
6000,4300,11,88573,0,0,0,0,0,"551",14,14,"0","0","0","0","0","0","0","0","0"
19000,6100,81,779035,51,26,11,25,18,"399",0,0,"0","0","0","0","1","0","0","1","1"
2000,7200,33,49009,0,0,0,0,0,"199",2,0,"0","0","0","0","0","0","0","0","0"
500,3100,5,47068,0,0,0,0,0,"425",8,8,"0","0","0","0","0","0","0","0","0"
2000,8000,47,139621,0,0,0,0,0,"228",0,0,"2","0","0","0","0","0","0","0","0"
2000,7300,40,304225,0,0,0,0,0,"204",32,0,"0","0","0","0","0","0","0","0","0"
16000,8900,53,676207,32,4,10,10,3,"127",2,0,"0","0","0","0","0","0","0","0","0"
8000,7700,49,253625,0,0,0,0,0,"265",2,0,"0","0","0","0","0","2","0","0","0"
5000,6000,65,48178,0,0,0,0,0,"66",0,0,"4","0","0","0","0","0","0","0","0"
3000,7900,76,145077,64,4,48,44,3,"44",24,0,"0","0","0","0","0","0","0","0","0"
2000,3600,33,76996,0,0,0,0,0,"441",0,0,"0","0","0","0","0","0","0","0","0"
35000,9100,131,582649,0,0,0,0,0,"565",0,0,"0","0","0","0","1","0","2","1","0"
2000,3600,8,334360,1,0,0,0,0,"1131",0,0,"2","0","0","0","0","0","0","0","0"
6000,7600,52,257699,38,12,4,28,10,"79",0,0,"2","0","0","0","0","0","0","0","0"
2000,8500,47,0,2,1,0,1,1,"671",6,0,"0","0","0","0","1","0","0","0","0"
3000,6200,68,148496,0,0,0,0,0,"48",4,0,"0","0","0","0","0","0","0","0","0"
3000,6800,98,214006,0,0,0,0,0,"18",0,0,"0","0","0","0","0","0","0","0","0"
2000,7000,89,39995,0,0,0,0,0,"182",2,0,"0","0","0","0","0","0","0","0","0"
500,0,0,0,4,2,1,3,2,"279",0,0,"2","0","0","0","0","0","0","0","0"
2000,3500,4,11675,0,0,0,0,0,"10",0,0,"0","0","0","0","0","0","0","0","0"
10000,7400,112,941734,22,7,9,11,4,"643",0,0,"0","0","0","0","1","2","0","0","0"
2000,7800,28,245463,0,0,0,0,0,"213",2,0,"0","0","0","0","0","0","0","0","0"
39000,8000,86,1951543,0,0,0,0,0,"39",2,0,"0","0","0","0","1","0","0","0","0"
3000,8900,136,395580,0,0,0,0,0,"478",0,0,"0","0","0","0","1","0","0","0","0"
68000,8900,118,1394197,0,0,0,0,0,"206",0,0,"0","0","0","0","1","2","0","1","1"
2000,8500,94,755977,0,0,0,0,0,"582",16,16,"0","0","0","0","1","0","0","0","0"
6000,8400,81,212135,0,0,0,0,0,"433",4,4,"0","0","0","0","0","0","0","0","0"
8000,8300,94,172979,95,20,61,58,16,"1054",4,0,"3","0","0","0","1","0","0","0","0"
500,6400,5,150368,0,0,0,0,0,"660",0,0,"2","0","0","0","0","0","0","0","0"
500,6200,5,407303,21,3,11,8,2,"19",4,0,"0","0","0","0","0","0","0","0","0"
5000,7100,62,136366,0,0,0,0,0,"404",0,0,"0","0","0","0","0","0","0","0","0"
500,5600,64,166518,0,0,0,0,0,"375",8,2,"0","0","0","0","0","0","0","0","0"
500,5900,17,283838,7,0,4,2,0,"1081",10,0,"2","0","0","0","0","0","0","0","0"
8000,8000,61,13671,0,0,0,0,0,"49",10,0,"0","0","0","0","0","2","0","0","0"
5000,8300,135,488430,0,0,0,0,0,"562",0,0,"0","0","0","0","0","2","0","0","0"
21000,7400,92,872255,73,33,22,37,23,"260",24,0,"0","0","0","0","1","2","0","0","0"
2000,4900,21,49935,0,0,0,0,0,"287",12,12,"0","0","0","0","0","0","0","0","0"
2000,7300,55,477063,0,0,0,0,0,"19",8,0,"0","0","0","0","0","0","0","0","0"
2000,6700,18,471617,0,0,0,0,0,"186",0,0,"0","0","0","0","0","0","0","0","0"
26000,8800,74,696622,313,26,273,288,19,"6",10,10,"0","0","0","0","0","0","0","0","0"
5000,6400,39,5633,40,1,29,6,0,"1126",4,0,"0","0","0","0","0","0","0","0","0"
500,6100,45,9772,1,1,0,1,1,"895",0,0,"3","0","0","0","0","0","0","0","0"
2000,7100,106,37215,0,0,0,0,0,"460",8,8,"0","0","0","0","0","0","0","0","0"
2000,6500,4,0,0,0,0,0,0,"718",0,0,"0","0","0","0","0","0","0","0","0"
6000,8200,102,447992,0,0,0,0,0,"56",0,0,"0","0","0","0","1","2","0","0","0"
31000,8500,154,401293,0,0,0,0,0,"536",0,0,"0","0","0","0","1","2","0","1","0"
5000,8300,106,793103,0,0,0,0,0,"128",12,0,"0","0","0","0","1","2","0","0","0"
2000,8200,50,412632,0,0,0,0,0,"50",4,0,"0","0","0","0","0","0","0","0","0"
500,4500,43,56051,0,0,0,0,0,"757",0,0,"0","0","0","0","0","0","0","0","0"
5000,0,0,386836,10,3,4,0,0,"898",4,0,"0","0","0","0","0","0","0","0","0"
10000,7900,81,940341,30,10,7,18,8,"763",0,0,"2","0","0","0","1","0","0","1","0"
5000,6700,29,163947,11,3,5,3,0,"403",4,0,"0","0","0","0","0","0","0","0","0"
5000,7600,69,824187,29,3,14,14,3,"981",0,0,"4","0","0","0","0","0","0","0","0"
2000,5000,43,224371,0,0,0,0,0,"412",8,0,"0","0","0","0","0","0","0","0","0"
2000,3800,48,84266,0,0,0,0,0,"249",12,12,"0","0","0","0","0","0","0","0","0"
6000,8700,58,222511,0,0,0,0,0,"48",20,0,"0","0","0","0","0","2","0","0","0"
2000,5300,34,149219,16,2,4,2,0,"1262",0,0,"0","0","0","0","0","0","0","0","0"
16000,2600,17,3936,42,2,34,5,0,"1145",2,0,"0","0","0","0","0","0","0","0","0"
3000,6900,67,214006,0,0,0,0,0,"18",0,0,"0","0","0","0","0","0","0","0","0"
3000,7100,48,192962,0,0,0,0,0,"379",2,0,"0","0","0","0","1","0","0","1","0"
2000,6300,36,62276,0,0,0,0,0,"216",0,0,"0","0","0","0","0","0","0","0","0"
29000,6400,85,642451,0,0,0,0,0,"40",8,0,"0","0","2","0","0","2","0","0","0"
2000,7700,42,267629,0,0,0,0,0,"57",0,0,"0","0","0","0","0","0","0","0","0"
8000,7800,103,0,22,7,5,15,5,"305",10,0,"4","0","0","0","0","0","0","0","0"
500,0,2,44363,1,0,0,1,0,"992",0,0,"2","0","0","0","0","0","0","0","0"
2000,3800,12,91161,0,0,0,0,0,"12",12,12,"0","0","0","0","0","0","0","0","0"
5000,8200,123,488430,0,0,0,0,0,"562",0,0,"0","0","0","0","0","0","0","0","0"
10000,8200,116,272994,0,0,0,0,0,"224",8,8,"0","0","0","0","0","0","0","0","0"
23000,8200,105,624769,0,0,0,0,0,"367",24,0,"0","0","0","0","0","2","0","1","0"
2000,7300,94,0,0,0,0,0,0,"586",0,0,"0","0","0","0","0","0","0","0","0"
2000,5000,33,26436,0,0,0,0,0,"349",10,0,"0","0","0","0","0","0","0","0","0"
2000,5900,89,317271,0,0,0,0,0,"564",0,0,"0","0","0","0","0","0","0","0","0"
500,7200,12,119498,0,0,0,0,0,"202",21,21,"0","0","0","0","0","0","0","0","0"
23000,8400,87,916743,68,15,26,35,14,"563",2,0,"0","0","0","0","1","0","0","0","0"
2000,5800,77,149470,0,0,0,0,0,"366",0,0,"0","0","0","0","1","0","0","1","0"
3000,6400,53,16442,0,0,0,0,0,"151",8,8,"0","0","0","0","0","0","0","0","0"
500,5900,46,4221,0,0,0,0,0,"123",8,0,"2","0","0","0","0","0","0","0","0"
2000,5500,53,396297,0,0,0,0,0,"200",2,0,"0","0","0","0","0","0","0","0","0"
19000,8700,182,4741,0,0,0,0,0,"585",0,0,"0","0","0","0","1","2","0","0","0"
5000,4200,19,631652,0,0,0,0,0,"156",0,0,"3","0","0","0","0","0","0","0","0"
2000,5500,36,564834,0,0,0,0,0,"369",0,0,"0","0","0","0","0","0","0","0","0"
16000,9300,144,1650772,0,0,0,0,0,"364",0,0,"0","0","0","0","1","2","0","1","0"
2000,7500,46,245463,0,0,0,0,0,"213",4,0,"0","0","0","0","0","0","0","0","0"
500,3500,8,91161,0,0,0,0,0,"12",12,0,"0","0","0","0","0","0","0","0","0"
42000,7500,65,1969756,80,8,42,24,5,"1117",0,0,"0","0","0","0","1","0","0","1","0"
500,5500,11,153980,0,0,0,0,0,"207",0,0,"2","0","0","0","0","0","0","0","0"
500,6200,16,164171,0,0,0,0,0,"187",0,0,"0","0","0","0","0","0","0","0","0"
2000,6300,22,230598,0,0,0,0,0,"150",2,0,"0","0","0","0","0","0","0","0","0"
2000,6000,37,23149,0,0,0,0,0,"66",0,0,"2","0","0","0","0","0","0","0","0"
5000,6900,96,549715,0,0,0,0,0,"340",16,0,"3","0","0","0","0","0","0","0","0"
6000,8000,33,691706,0,0,0,0,0,"6",10,0,"0","0","0","0","0","0","0","0","0"
500,5500,40,51652,0,0,0,0,0,"263",16,16,"4","0","0","0","0","0","0","0","0"
2000,0,2,131448,0,0,0,0,0,"10",0,0,"0","0","0","0","0","0","0","0","0"
3000,5000,52,49935,0,0,0,0,0,"287",12,12,"0","0","0","0","0","0","0","0","0"
500,0,0,194305,3,1,1,2,1,"17",0,0,"0","0","0","0","0","0","0","0","0"
500,5800,69,57822,0,0,0,0,0,"708",8,0,"0","0","0","0","0","0","0","0","0"
202000,8600,107,4365238,155,57,31,68,39,"11",18,0,"3","0","0","0","1","0","0","1","1"
34000,8900,129,1201564,0,0,0,0,0,"308",0,0,"0","0","0","0","0","2","0","0","0"
3000,5900,59,95291,0,0,0,0,0,"66",0,0,"4","0","0","0","0","0","0","0","0"
500,6500,38,2048,3,3,2,0,0,"1214",0,0,"0","0","0","0","0","0","0","1","0"
2000,4400,51,367328,0,0,0,0,0,"714",0,0,"2","0","0","0","0","0","0","0","0"
82000,8900,102,1529105,121,43,37,61,27,"206",8,0,"0","0","0","0","1","2","0","1","0"
500,6000,19,97941,0,0,0,0,0,"453",0,0,"0","0","0","0","0","0","0","0","0"
11000,8400,38,359080,48,9,19,32,8,"51",2,0,"0","0","0","0","0","0","0","0","0"
5000,7400,40,788296,0,0,0,0,0,"49",8,0,"0","0","0","0","0","2","0","0","0"
29000,8800,149,483316,0,0,0,0,0,"337",0,0,"2","0","0","0","1","2","2","1","0"
15000,7600,55,0,33,7,13,11,3,"1072",0,0,"0","0","0","0","0","0","0","0","0"
8000,7600,62,720532,0,0,0,0,0,"19",0,0,"0","0","0","0","0","0","0","0","0"
2000,6100,92,20071,5,3,0,3,1,"661",0,0,"0","0","0","0","0","0","0","0","0"
500,6000,56,193041,0,0,0,0,0,"411",0,0,"0","0","0","0","0","0","0","0","0"
3000,4400,11,89480,0,0,0,0,0,"262",0,0,"0","0","0","0","0","0","0","0","0"
2000,5400,67,43805,0,0,0,0,0,"342",4,0,"2","0","0","0","0","0","0","0","0"
2000,5200,45,462746,0,0,0,0,0,"370",0,0,"3","0","0","0","0","0","0","0","0"
6000,8200,80,280808,0,0,0,0,0,"267",2,0,"3","0","0","0","1","0","0","1","0"
8000,8200,112,447992,0,0,0,0,0,"56",0,0,"0","0","0","0","1","0","0","0","0"
10000,6600,72,245264,0,0,0,0,0,"454",0,0,"0","0","0","0","0","0","0","0","0"
3000,6900,91,94125,0,0,0,0,0,"356",0,0,"0","0","0","0","0","0","0","0","0"
11000,7500,69,557725,0,0,0,0,0,"57",0,0,"0","0","0","0","1","0","0","1","0"
66000,8000,87,1168518,0,0,0,0,0,"206",0,0,"0","0","0","0","1","2","2","1","1"
60000,7900,118,457014,62,22,21,27,14,"337",2,0,"2","0","0","0","1","0","0","1","0"
2000,7200,95,664806,0,0,0,0,0,"378",0,0,"0","0","0","0","1","0","0","1","0"
21000,8600,77,1348716,0,0,0,0,0,"566",0,0,"0","0","0","0","1","0","0","1","1"
2000,5500,88,2477,0,0,0,0,0,"195",0,0,"0","0","0","0","0","0","0","0","0"
10000,7600,76,101055,0,0,0,0,0,"270",2,2,"2","0","0","0","0","0","0","0","0"
94000,8300,111,931417,107,20,48,41,7,"139",16,0,"0","0","0","0","1","2","0","1","1"
5000,7700,104,466603,0,0,0,0,0,"193",16,16,"0","0","0","0","0","0","0","0","0"
26000,9000,133,823479,0,0,0,0,0,"188",16,16,"3","0","0","0","1","2","0","0","0"
3000,6600,46,670326,0,0,0,0,0,"264",8,0,"0","0","0","0","0","0","0","0","0"
24000,8500,115,467424,0,0,0,0,0,"38",2,0,"0","0","0","0","0","0","0","0","0"
47000,9200,137,1329383,0,0,0,0,0,"385",0,0,"0","0","0","0","1","2","0","1","0"
24000,9500,149,1005204,0,0,0,0,0,"214",0,0,"0","0","0","0","1","2","0","0","0"
6000,9100,61,518273,36,12,8,13,9,"279",14,0,"2","0","0","0","0","0","0","0","0"
13000,6200,47,844248,0,0,0,0,0,"420",16,0,"0","0","0","0","1","0","0","0","0"
8000,8700,151,834327,0,0,0,0,0,"214",10,0,"0","0","0","0","1","0","0","1","1"
3000,5300,28,30366,0,0,0,0,0,"184",2,0,"0","0","0","0","0","0","0","0","0"
2000,7300,47,5650,0,0,0,0,0,"270",2,0,"2","0","0","0","0","0","0","0","0"
500,5900,18,283838,10,0,5,2,0,"1081",10,0,"2","0","0","0","0","0","0","0","0"
500,6100,56,193707,0,0,0,0,0,"135",0,0,"2","0","0","0","0","0","0","0","0"
6000,5600,43,0,13,6,3,2,2,"715",8,0,"0","0","0","0","1","2","0","1","0"
3000,5900,44,181085,0,0,0,0,0,"715",8,0,"0","0","0","0","1","0","0","0","0"
2000,8200,71,739705,0,0,0,0,0,"285",0,0,"0","0","0","0","0","0","0","0","0"
3000,7400,91,65599,0,0,0,0,0,"3",0,0,"0","0","0","0","0","0","0","0","0"
500,7300,33,304225,0,0,0,0,0,"204",14,0,"0","0","0","0","0","0","0","0","0"
3000,6800,76,0,0,0,0,0,0,"362",16,16,"0","0","0","0","0","0","0","0","0"
3000,7000,120,316575,0,0,0,0,0,"80",16,0,"2","0","0","0","0","0","0","0","0"
3000,8500,86,10057,25,12,6,17,9,"38",2,0,"0","0","0","0","0","0","0","0","0"
2000,5600,16,32760,0,0,0,0,0,"377",8,0,"0","0","0","0","0","0","0","0","0"
60000,8700,92,1516735,54,20,22,29,10,"40",8,0,"0","0","0","0","1","2","0","0","0"
2000,4200,6,128209,0,0,0,0,0,"382",0,0,"0","0","0","0","0","0","0","0","0"
2000,8200,82,62984,0,0,0,0,0,"89",4,0,"2","0","0","0","0","2","0","0","0"
5000,9300,80,0,19,11,4,6,4,"259",0,0,"0","0","0","0","0","0","0","0","0"
2000,0,1,86725,5,3,0,3,2,"1229",4,0,"0","0","0","0","0","0","0","0","0"
3000,7900,81,1106,0,0,0,0,0,"175",16,16,"0","0","0","0","0","0","0","0","0"
2000,6200,99,303842,0,0,0,0,0,"583",0,0,"0","0","0","0","0","0","0","0","0"
2000,5600,21,384334,0,0,0,0,0,"277",0,0,"0","0","0","0","0","0","0","0","0"
21000,8100,145,1003761,0,0,0,0,0,"86",32,16,"2","0","0","0","1","2","0","1","0"
3000,7400,49,589158,0,0,0,0,0,"408",0,0,"2","0","0","0","1","0","0","0","0"
6000,8000,98,27136,0,0,0,0,0,"429",0,0,"2","0","0","0","1","0","0","1","0"
5000,8500,39,2006285,0,0,0,0,0,"188",16,0,"0","0","0","0","1","0","0","0","0"
500,5200,3,72774,2,1,0,2,1,"675",0,0,"0","0","0","0","0","0","0","0","0"
11000,7900,91,669770,31,23,8,21,18,"30",4,0,"2","0","0","0","1","2","0","1","1"
2000,5900,66,1361,20,2,9,2,1,"302",8,0,"2","0","0","0","0","0","0","0","0"
2000,7400,39,428610,7,0,1,4,0,"764",0,0,"0","0","0","0","0","0","0","0","0"
27000,7600,119,478691,0,0,0,0,0,"641",256,0,"0","0","0","0","1","0","0","0","0"
10000,8200,108,975913,0,0,0,0,0,"176",12,12,"2","0","0","0","1","2","0","0","0"
3000,8100,59,438753,0,0,0,0,0,"331",16,16,"2","0","0","0","1","0","0","0","0"
11000,7800,106,442044,0,0,0,0,0,"320",0,0,"0","0","0","0","0","0","0","0","0"
500,6500,13,0,0,0,0,0,0,"391",2,0,"0","0","0","0","0","0","2","0","0"
6000,7000,92,517764,0,0,0,0,0,"303",16,16,"0","0","0","0","0","0","0","0","0"
103000,8200,79,5417231,134,11,79,28,5,"1116",0,0,"2","0","0","0","0","0","0","0","0"
3000,6900,8,439801,0,0,0,0,0,"352",8,0,"3","0","0","0","0","0","0","0","0"
3000,8100,135,380699,0,0,0,0,0,"550",8,0,"0","0","0","0","0","0","0","0","0"
2000,8000,70,30069,0,0,0,0,0,"567",16,0,"0","0","0","0","0","0","0","0","0"
10000,6300,37,1007988,0,0,0,0,0,"150",2,0,"0","0","0","0","0","0","0","0","0"
5000,8500,77,503093,0,0,0,0,0,"398",16,0,"0","0","0","0","0","0","0","0","0"
2000,7600,27,370537,0,0,0,0,0,"371",0,0,"0","0","0","0","0","0","0","0","0"
215000,8500,125,2408730,0,0,0,0,0,"11",18,18,"4","0","0","0","1","2","0","1","1"
5000,6400,76,0,10,5,5,5,5,"1058",16,0,"0","0","0","0","0","0","0","0","0"
8000,6700,67,335300,0,0,0,0,0,"402",12,0,"0","0","0","0","1","0","0","0","0"
3000,7900,58,0,0,0,0,0,0,"198",8,8,"0","0","0","0","0","0","0","0","0"
2000,6500,51,16442,0,0,0,0,0,"151",8,0,"0","0","0","0","0","0","0","0","0"
2000,6800,95,0,0,0,0,0,0,"42",16,0,"0","0","0","0","0","0","0","0","0"
19000,7200,35,924460,0,0,0,0,0,"40",8,0,"0","0","2","0","0","2","0","0","0"
6000,5100,50,25777,0,0,0,0,0,"197",8,0,"0","0","0","0","0","0","0","0","0"
3000,4500,60,561128,0,0,0,0,0,"359",0,0,"0","0","0","0","0","0","0","0","0"
2000,5800,72,118199,50,8,17,34,4,"965",10,0,"0","0","0","0","1","0","0","1","0"
3000,7000,67,70234,0,0,0,0,0,"497",4,0,"0","0","0","0","0","0","0","0","0"
6000,5600,99,635484,0,0,0,0,0,"245",16,4,"2","0","0","0","0","0","0","0","0"
500,4700,11,98168,0,0,0,0,0,"222",0,0,"0","0","0","0","0","0","0","0","0"
500,7900,65,48840,0,0,0,0,0,"236",8,0,"0","0","0","0","0","0","0","0","0"
26000,9200,132,725087,0,0,0,0,0,"81",8,0,"0","0","2","0","1","2","0","1","1"
8000,4900,51,0,40,6,15,13,1,"1075",2,0,"0","0","0","0","0","0","0","0","0"
35000,8300,76,1238684,0,0,0,0,0,"39",2,0,"0","0","0","2","1","0","0","0","0"
16000,7600,45,820707,0,0,0,0,0,"40",8,0,"0","0","0","0","0","0","0","0","0"
500,5900,58,7701,0,0,0,0,0,"729",0,0,"0","0","0","0","0","0","0","0","0"
2000,6700,33,779723,0,0,0,0,0,"5",2,0,"0","0","0","0","0","0","0","0","0"
5000,7500,125,518565,0,0,0,0,0,"20",0,0,"0","0","0","0","0","0","0","0","0"
2000,6400,70,11971,0,0,0,0,0,"350",4,0,"0","0","0","0","0","0","0","0","0"
16000,8500,111,326799,55,23,11,43,21,"733",8,0,"0","0","0","0","1","0","0","1","1"
3000,6900,59,598947,0,0,0,0,0,"244",0,0,"0","0","0","0","1","0","0","0","0"
2000,7200,64,151404,0,0,0,0,0,"346",8,0,"0","0","0","0","0","0","0","0","0"
6000,7500,82,367178,26,9,10,15,5,"1127",4,0,"0","0","0","0","1","0","0","0","0"
8000,8000,92,664717,0,0,0,0,0,"179",4,0,"2","0","0","0","0","0","0","0","0"
500,6400,60,67691,0,0,0,0,0,"676",0,0,"0","0","0","0","0","0","0","0","0"
15000,7700,49,910668,0,0,0,0,0,"179",4,0,"2","0","0","0","1","2","0","1","0"
2000,3700,7,128209,0,0,0,0,0,"382",0,0,"0","0","0","0","0","0","0","0","0"
500,7100,34,0,0,0,0,0,0,"285",0,0,"0","0","0","0","0","0","0","0","0"
6000,8200,66,18034,0,0,0,0,0,"48",4,0,"0","0","0","0","0","0","0","0","0"
16000,4600,60,631652,0,0,0,0,0,"156",0,0,"3","0","0","0","0","2","0","0","0"
8000,7900,36,483256,0,0,0,0,0,"51",12,0,"0","0","0","0","0","0","0","0","0"
3000,7500,60,242444,6,0,2,1,0,"664",0,0,"2","0","0","0","0","0","0","0","0"
11000,6700,104,335300,0,0,0,0,0,"402",12,0,"0","0","0","0","1","2","0","1","1"
500,5800,59,7701,0,0,0,0,0,"729",0,0,"0","0","0","0","0","0","0","0","0"
18000,7800,68,910668,0,0,0,0,0,"179",4,0,"2","0","0","0","0","0","0","0","0"
10000,8000,89,860321,0,0,0,0,0,"108",2,0,"0","0","0","0","1","2","0","1","0"
5000,8700,85,28164,0,0,0,0,0,"450",0,0,"0","0","0","0","0","2","0","0","0"
5000,7800,138,373658,0,0,0,0,0,"2",8,8,"0","0","0","0","1","0","0","1","0"
5000,7400,72,622980,0,0,0,0,0,"205",4,0,"2","0","0","0","0","2","0","0","0"
500,5900,8,934,0,0,0,0,0,"864",0,0,"0","0","0","0","0","0","0","0","0"
16000,4700,11,224077,88,8,63,7,1,"1166",8,0,"3","0","0","0","0","0","0","0","0"
10000,7900,118,1073298,0,0,0,0,0,"185",0,0,"0","0","0","0","0","0","0","0","0"
42000,8600,115,1348716,0,0,0,0,0,"566",0,0,"0","0","0","0","1","0","0","1","1"
500,5300,39,73152,0,0,0,0,0,"67",0,0,"2","0","0","0","0","0","0","0","0"
40000,9500,166,1784743,0,0,0,0,0,"259",0,0,"0","0","0","0","1","0","0","1","1"
500,6100,12,166048,0,0,0,0,0,"409",0,0,"0","0","0","0","0","0","0","0","0"
2000,6500,3,194305,5,1,2,2,1,"17",0,0,"0","0","0","0","0","0","0","0","0"
6000,6600,100,388256,0,0,0,0,0,"437",0,0,"0","0","0","0","0","0","0","0","0"
2000,4400,84,108948,0,0,0,0,0,"672",0,0,"2","0","0","0","0","0","0","0","0"
500,6600,47,0,0,0,0,0,0,"492",0,0,"2","0","0","0","0","0","0","0","0"
19000,8800,104,1247336,0,0,0,0,0,"367",24,0,"0","0","0","0","1","2","0","1","0"
500,7000,87,37215,0,0,0,0,0,"460",8,0,"0","0","0","0","0","0","0","0","0"
6000,7900,62,940341,34,10,8,20,8,"763",0,0,"2","0","0","0","1","0","0","1","0"
6000,8100,67,40535,0,0,0,0,0,"47",4,0,"0","0","0","0","0","0","0","0","0"
13000,6100,79,631407,0,0,0,0,0,"156",0,0,"0","0","0","0","0","2","0","0","0"
48000,9000,185,744808,0,0,0,0,0,"444",32,0,"0","0","0","0","1","2","0","1","0"
10000,8100,55,1503860,0,0,0,0,0,"39",2,0,"0","0","0","0","0","0","0","0","0"
2000,5400,36,37394,0,0,0,0,0,"312",0,0,"2","0","0","0","0","0","0","0","0"
118000,8800,126,649910,0,0,0,0,0,"410",8,8,"4","0","0","0","0","0","0","0","0"
3000,5900,30,220062,0,0,0,0,0,"266",12,0,"0","0","0","0","0","0","0","0","0"
2000,4800,11,75453,0,0,0,0,0,"618",30,0,"0","0","0","0","0","0","0","0","0"
3000,6700,117,0,0,0,0,0,0,"42",16,0,"0","0","0","0","0","2","0","0","0"
2000,7500,58,360652,8,2,2,4,2,"264",12,0,"0","0","0","0","0","0","0","0","0"
97000,9400,142,2363963,0,0,0,0,0,"646",16,0,"3","2","0","0","1","2","0","1","0"
2000,6500,54,94125,0,0,0,0,0,"356",0,0,"0","0","0","0","0","0","0","0","0"
2000,7400,46,228284,0,0,0,0,0,"8",4,0,"0","0","0","0","0","0","0","0","0"
500,4900,59,12871,0,0,0,0,0,"456",0,0,"0","0","0","0","1","0","0","0","0"
10000,5400,91,214370,0,0,0,0,0,"254",0,0,"0","0","0","0","0","0","0","0","0"
500,3500,5,22501,0,0,0,0,0,"386",0,0,"0","0","0","0","0","0","0","0","0"
5000,8200,89,397585,0,0,0,0,0,"55",0,0,"0","0","0","0","0","0","0","0","0"
11000,7900,97,352519,0,0,0,0,0,"541",8,0,"0","0","0","0","0","2","0","0","0"
2000,5900,44,373752,42,1,23,22,0,"1350",0,0,"0","0","0","0","0","0","0","0","0"
3000,8600,84,114820,0,0,0,0,0,"374",12,12,"0","0","0","0","0","2","0","0","0"
3000,6100,92,305595,26,9,12,22,8,"252",12,0,"2","0","0","0","1","0","0","0","0"
5000,6100,5,227165,13,1,8,2,0,"382",0,0,"0","0","0","0","0","0","0","0","0"
27000,8300,77,1503860,0,0,0,0,0,"39",2,0,"0","0","0","2","0","0","0","0","0"
6000,6400,100,0,0,0,0,0,0,"496",0,0,"0","0","0","0","0","0","0","0","0"
52000,9000,136,2180621,0,0,0,0,0,"243",16,16,"4","0","0","0","1","0","0","1","1"
10000,7900,106,538747,0,0,0,0,0,"448",0,0,"0","0","0","0","0","2","0","0","0"
11000,9100,80,262738,15,3,4,7,2,"32",8,0,"0","0","0","0","0","0","0","0","0"
5000,8200,87,1815872,0,0,0,0,0,"128",12,0,"0","0","0","0","0","2","0","0","0"
2000,6800,50,598947,0,0,0,0,0,"244",0,0,"0","0","0","0","1","0","0","0","0"
6000,7700,57,1153618,38,0,17,14,0,"860",8,0,"2","0","0","0","0","0","0","0","0"
2000,7100,7,0,1,1,0,1,1,"854",0,0,"0","0","0","0","1","0","0","1","0"
500,6900,52,25475,0,0,0,0,0,"158",4,0,"0","0","0","0","0","0","0","0","0"
3000,5700,50,77366,0,0,0,0,0,"226",0,0,"2","0","0","0","0","0","0","0","0"
8000,8100,72,394304,0,0,0,0,0,"44",4,0,"0","0","0","0","0","0","0","0","0"
500,7600,57,135646,0,0,0,0,0,"282",6,0,"0","0","0","0","0","0","0","0","0"
21000,3500,6,47904,42,2,37,5,0,"1193",0,0,"0","0","0","0","0","0","0","0","0"
500,6000,7,0,1,0,0,1,0,"677",8,0,"0","0","0","0","0","0","0","0","0"
3000,8100,53,603869,0,0,0,0,0,"153",8,0,"0","0","0","0","0","0","0","0","0"
10000,6800,13,685970,48,2,30,5,0,"1134",4,0,"0","0","0","0","0","0","0","0","0"
15000,8800,141,873287,0,0,0,0,0,"87",8,8,"0","0","0","0","0","2","0","0","0"
500,7500,66,312,0,0,0,0,0,"891",0,0,"0","0","0","0","0","0","0","0","0"
500,5500,16,64356,2,0,0,2,0,"281",0,0,"0","0","0","0","0","0","0","0","0"
5000,7500,59,0,23,7,7,6,2,"422",2,0,"0","0","0","0","1","2","0","0","0"
2000,4000,18,114640,0,0,0,0,0,"256",2,0,"2","0","0","0","0","0","0","0","0"
2000,6000,18,299523,0,0,0,0,0,"196",0,0,"0","0","0","0","0","0","0","0","0"
5000,7900,81,123327,0,0,0,0,0,"43",4,0,"0","0","0","0","0","2","0","0","0"
3000,7800,70,381,0,0,0,0,0,"428",0,0,"0","0","0","0","0","0","0","0","0"
2000,5900,94,317271,6,2,2,4,2,"564",0,0,"0","0","0","0","0","0","0","0","0"
29000,9300,156,922361,0,0,0,0,0,"1",0,0,"0","0","0","0","1","0","0","1","1"
5000,5100,30,308925,0,0,0,0,0,"212",0,0,"0","0","0","0","0","0","0","0","0"
500,5300,4,0,0,0,0,0,0,"890",0,0,"0","0","0","0","0","0","0","0","0"
2000,5000,8,180029,0,0,0,0,0,"481",0,0,"0","0","0","0","0","0","0","0","0"
5000,5400,83,540020,0,0,0,0,0,"20",0,0,"0","0","0","0","0","0","0","0","0"
2000,7500,49,0,1,1,0,0,0,"833",0,0,"0","0","0","0","0","0","0","0","0"
2000,6400,34,19555,0,0,0,0,0,"151",8,0,"2","0","0","0","0","0","0","0","0"
2000,7000,50,87643,0,0,0,0,0,"218",16,16,"0","0","0","0","0","0","0","0","0"
16000,4800,67,315645,46,1,36,7,1,"1122",4,0,"2","0","0","0","0","0","0","0","0"
10000,7500,61,257699,37,13,4,27,10,"79",0,0,"2","0","0","0","0","0","0","0","0"
2000,0,2,0,0,0,0,0,0,"760",0,0,"0","0","0","0","0","0","0","0","0"
18000,8300,49,411958,0,0,0,0,0,"6",10,0,"0","0","0","0","0","2","0","0","0"
500,5200,68,0,0,0,0,0,0,"549",0,0,"0","0","0","0","0","0","0","0","0"
2000,7600,39,0,2,1,1,1,1,"841",2,0,"2","0","0","0","1","0","0","1","1"
500,7000,30,22522,0,0,0,0,0,"451",0,0,"0","0","0","0","0","0","0","0","0"
3000,8600,56,114820,0,0,0,0,0,"374",12,0,"0","0","0","0","0","2","0","0","0"
6000,7000,61,513190,0,0,0,0,0,"123",2,0,"2","0","0","0","0","0","0","0","0"
5000,8100,49,18034,0,0,0,0,0,"48",4,0,"0","0","0","0","0","2","0","0","0"
3000,8300,69,14306,8,4,3,2,2,"1010",12,0,"0","0","0","0","0","0","0","0","0"
500,5700,29,8895,0,0,0,0,0,"372",4,0,"0","0","0","0","0","0","0","0","0"
6000,7700,119,241135,0,0,0,0,0,"218",12,12,"0","0","0","0","0","0","0","0","0"
34000,8700,128,1749217,0,0,0,0,0,"129",60,0,"3","0","0","0","1","2","0","1","0"
6000,9200,80,922361,0,0,0,0,0,"1",0,0,"0","0","0","0","1","2","0","1","1"
500,6200,47,4315,0,0,0,0,0,"642",16,0,"0","0","0","0","0","0","0","0","0"
500,6000,5,152120,0,0,0,0,0,"174",0,0,"0","0","0","0","0","0","0","0","0"
2000,6300,83,334974,0,0,0,0,0,"455",0,0,"0","0","0","0","0","0","0","0","0"
2000,7500,27,6274,0,0,0,0,0,"47",4,0,"2","0","0","0","0","0","0","0","0"
10000,8100,111,670440,0,0,0,0,0,"725",12,0,"0","0","0","0","0","2","0","0","0"
3000,7700,48,6274,0,0,0,0,0,"47",4,0,"2","0","0","0","0","0","0","0","0"
3000,6200,59,746269,0,0,0,0,0,"18",0,0,"0","0","0","0","1","0","0","1","0"
5000,7100,94,123467,0,0,0,0,0,"152",12,0,"2","0","0","0","0","0","0","0","0"
2000,7600,89,90686,33,10,17,19,7,"18",0,0,"0","0","0","0","0","0","0","0","0"
500,7600,71,4538,0,0,0,0,0,"655",4,0,"3","0","0","0","0","0","0","0","0"
8000,8200,77,242674,31,4,13,9,2,"48",7,0,"0","0","0","0","0","0","0","0","0"
3000,8300,101,673497,0,0,0,0,0,"274",0,0,"0","0","0","0","1","0","0","0","0"
500,5400,3,0,0,0,0,0,0,"863",0,0,"0","0","0","0","0","0","0","0","0"
500,6100,38,391657,0,0,0,0,0,"388",2,0,"0","0","0","0","0","0","0","0","0"
2000,5500,50,55958,0,0,0,0,0,"67",2,0,"2","0","0","0","0","0","0","0","0"
8000,6200,93,341566,0,0,0,0,0,"305",8,0,"0","0","0","0","0","0","0","0","0"
11000,8100,73,883301,0,0,0,0,0,"413",16,0,"0","0","0","0","0","2","0","0","0"
11000,7400,33,0,4,3,2,1,0,"201",2,0,"0","0","0","0","0","0","0","0","0"
3000,5700,42,181085,0,0,0,0,0,"715",8,0,"0","0","0","0","1","0","0","0","0"
32000,8900,110,674410,0,0,0,0,0,"81",8,8,"0","0","0","0","1","2","0","0","0"
6000,7600,39,513282,0,0,0,0,0,"49",10,0,"0","0","0","0","0","2","0","0","0"
2000,6200,30,84124,0,0,0,0,0,"393",12,10,"0","0","0","0","0","0","0","0","0"
500,5900,39,0,6,2,0,6,2,"926",0,0,"0","0","0","0","0","0","0","0","0"
2000,7200,39,0,0,0,0,0,0,"198",8,0,"0","0","0","0","0","0","0","0","0"
2000,6900,65,0,25,15,4,13,6,"22",8,0,"0","0","0","0","1","0","0","0","0"
500,6100,11,221857,0,0,0,0,0,"174",0,0,"0","0","0","0","0","0","0","0","0"
500,5900,54,9772,1,1,0,1,1,"895",0,0,"3","0","0","0","0","0","0","0","0"
315000,8600,137,4365238,204,73,39,83,46,"11",18,18,"3","0","0","0","1","0","0","1","1"
500,5400,22,0,0,0,0,0,0,"621",0,0,"0","0","0","0","0","0","0","0","0"
6000,8300,72,304545,0,0,0,0,0,"286",6,0,"0","0","0","0","0","0","0","0","0"
23000,8500,103,169907,54,20,21,42,16,"754",12,0,"0","0","0","0","1","2","0","1","0"
3000,8000,45,0,0,0,0,0,0,"406",8,0,"0","0","0","0","1","0","0","0","0"
500,5200,7,86725,5,3,0,3,2,"1229",4,0,"0","0","0","0","0","0","0","0","0"
2000,8400,10,0,1,0,0,0,0,"1168",0,0,"3","0","0","0","0","0","0","0","0"
3000,7000,8,327421,0,0,0,0,0,"69",4,0,"0","0","0","0","0","0","0","0","0"
3000,5900,49,95291,0,0,0,0,0,"66",0,0,"4","0","0","0","0","0","0","0","0"
3000,6400,73,398306,0,0,0,0,0,"250",0,0,"0","0","0","0","0","0","0","1","1"
3000,6900,28,67486,0,0,0,0,0,"201",2,0,"0","0","0","0","0","0","0","0","0"
8000,7500,26,0,6,4,3,1,0,"201",4,0,"0","0","0","0","0","0","0","0","0"
2000,4300,38,367328,0,0,0,0,0,"714",0,0,"2","0","0","0","0","0","0","0","0"
2000,6600,49,84124,0,0,0,0,0,"393",10,10,"0","0","0","0","0","0","0","0","0"
500,5700,7,176797,3,0,0,3,0,"1234",0,0,"4","0","0","0","0","0","0","0","0"
2000,3800,17,191088,0,0,0,0,0,"15",0,0,"0","0","0","0","0","0","0","0","0"
6000,8000,71,1164838,0,0,0,0,0,"44",4,0,"0","0","0","0","0","0","0","0","0"
3000,8800,93,1834182,0,0,0,0,0,"279",6,0,"2","0","0","0","1","0","0","1","0"
3000,8800,34,28203,0,0,0,0,0,"52",12,7,"0","0","0","0","0","0","0","0","0"
500,6300,11,74602,0,0,0,0,0,"675",0,0,"0","0","0","0","1","0","0","0","0"
2000,5800,59,0,49,7,10,9,2,"1073",0,0,"0","0","0","0","0","0","0","0","0"
500,6300,5,22239,4,1,1,3,1,"681",2,0,"0","0","0","0","0","0","0","0","0"
2000,5400,3,144712,2,0,0,2,0,"262",0,0,"0","0","0","0","0","0","0","0","0"
11000,8000,77,385852,0,0,0,0,0,"203",16,0,"3","0","0","0","0","2","0","0","0"
2000,6400,43,232964,0,0,0,0,0,"221",0,0,"2","0","0","0","0","0","0","0","0"
34000,9100,143,582649,0,0,0,0,0,"565",0,0,"0","0","0","0","1","2","2","1","0"
2000,7600,71,228284,0,0,0,0,0,"8",4,0,"0","0","0","0","0","0","0","0","0"
500,7200,66,148530,0,0,0,0,0,"635",0,0,"0","0","0","0","0","0","0","0","0"
21000,8400,136,1345876,0,0,0,0,0,"445",2,0,"4","0","0","0","1","2","0","1","1"
6000,7000,64,437694,0,0,0,0,0,"44",4,0,"0","0","0","0","0","0","0","0","0"
500,5500,10,152120,0,0,0,0,0,"174",0,0,"0","0","0","0","0","0","0","0","0"
500,5900,26,0,0,0,0,0,0,"621",0,0,"0","0","0","0","0","0","0","0","0"
2000,7800,58,25120,0,0,0,0,0,"199",2,0,"0","0","0","0","0","0","0","0","0"
8000,8700,74,222511,0,0,0,0,0,"48",20,0,"0","0","0","0","1","2","0","0","0"
6000,6000,31,55669,37,15,12,19,10,"1362",16,0,"0","0","0","0","0","0","0","0","0"
8000,8400,93,1616915,0,0,0,0,0,"40",8,0,"0","0","0","0","1","0","0","0","0"
6000,7700,48,513282,0,0,0,0,0,"49",10,0,"0","0","0","0","0","2","0","0","0"
144000,9600,146,2479325,0,0,0,0,0,"361",16,0,"3","2","0","0","1","2","0","1","0"
18000,8300,126,639700,0,0,0,0,0,"80",2,2,"2","0","0","0","0","2","0","0","0"
2000,6100,86,0,0,0,0,0,0,"70",4,0,"0","0","0","0","0","0","0","0","0"
5000,7000,44,1014891,0,0,0,0,0,"284",0,0,"2","0","0","0","0","0","0","0","0"
2000,6400,43,0,1,1,0,1,1,"1089",0,0,"0","0","0","0","0","0","0","0","0"
8000,7700,71,1153618,0,0,0,0,0,"860",8,0,"2","0","0","0","0","0","0","0","0"
21000,9000,96,1329383,0,0,0,0,0,"385",0,0,"0","0","0","0","1","0","0","1","0"
500,2800,51,233505,0,0,0,0,0,"447",8,0,"0","0","0","0","0","0","0","0","0"
10000,4600,44,487737,29,1,13,11,1,"19",4,0,"0","0","0","0","0","0","0","0","0"
3000,4800,5,37066,0,0,0,0,0,"10",0,0,"0","0","0","0","0","0","0","0","0"
2000,6800,88,240488,0,0,0,0,0,"414",0,0,"0","0","0","0","0","2","0","0","0"
6000,6500,93,62744,0,0,0,0,0,"181",16,16,"3","0","0","0","0","0","0","0","0"
500,7500,64,91439,10,3,2,5,3,"279",6,0,"2","0","0","0","1","0","0","0","0"
3000,7800,87,2241,3,1,0,2,1,"900",0,0,"0","0","0","0","0","0","0","0","0"
2000,6700,19,67486,0,0,0,0,0,"201",2,0,"0","0","0","0","0","0","0","0","0"
2000,7200,73,20658,0,0,0,0,0,"270",2,0,"0","0","0","0","0","0","0","0","0"
2000,7500,67,2330,0,0,0,0,0,"210",0,0,"2","0","0","0","0","0","0","0","0"
3000,7900,64,145077,47,4,24,12,3,"44",24,0,"0","0","0","0","0","0","0","0","0"
5000,8800,55,16504,26,11,13,9,5,"52",12,0,"0","0","0","0","0","0","0","0","0"
6000,7700,88,537923,0,0,0,0,0,"407",20,0,"0","0","0","0","1","0","0","1","0"
500,5400,17,64356,2,0,0,2,0,"281",0,0,"0","0","0","0","0","0","0","0","0"
2000,6300,51,195081,0,0,0,0,0,"291",0,0,"2","0","0","0","0","0","0","0","0"
500,4300,4,180029,0,0,0,0,0,"481",0,0,"0","0","0","0","0","0","0","0","0"
2000,7000,67,121700,0,0,0,0,0,"597",4,0,"4","0","0","0","1","0","0","0","0"
3000,7100,80,121700,0,0,0,0,0,"597",4,0,"4","0","0","0","1","2","0","0","0"
10000,8100,135,451502,0,0,0,0,0,"490",6,6,"2","0","0","0","1","2","0","1","0"
3000,7800,57,12461,0,0,0,0,0,"199",4,0,"0","0","0","0","0","0","0","0","0"
2000,6100,27,459861,0,0,0,0,0,"5",2,0,"0","0","0","0","0","0","0","0","0"
2000,7100,45,0,0,0,0,0,0,"42",0,0,"0","0","0","0","1","0","0","0","0"
500,4600,45,92257,0,0,0,0,0,"240",0,0,"0","0","0","0","0","0","0","0","0"
500,4000,30,396868,10,2,4,6,2,"1044",0,0,"2","0","0","0","0","0","0","0","0"
3000,6900,48,204611,0,0,0,0,0,"96",2,0,"0","0","0","0","0","0","0","0","0"
10000,8500,97,648530,0,0,0,0,0,"190",6,6,"3","0","0","0","1","2","0","0","0"
8000,8200,55,467424,0,0,0,0,0,"38",2,0,"0","0","0","0","0","2","0","0","0"
5000,6900,31,688576,0,0,0,0,0,"96",2,0,"0","0","0","0","0","0","0","0","0"
21000,9200,113,752566,0,0,0,0,0,"32",2,0,"0","0","0","0","1","2","0","1","0"
15000,8700,78,1172663,34,14,17,9,6,"48",22,0,"0","0","0","0","1","2","0","0","0"
74000,9700,112,2089715,0,0,0,0,0,"361",16,0,"3","2","0","0","1","2","0","1","0"
19000,8600,113,850081,0,0,0,0,0,"38",2,0,"0","0","0","0","0","0","0","0","0"
5000,7700,82,241135,0,0,0,0,0,"218",12,0,"0","0","0","0","0","0","0","0","0"
2000,6000,46,398306,0,0,0,0,0,"250",0,0,"0","0","0","0","1","0","0","1","0"
10000,8100,29,72764,0,0,0,0,0,"4",8,0,"0","0","0","0","0","0","0","0","0"
8000,7000,39,779723,0,0,0,0,0,"5",2,0,"0","0","0","0","0","0","0","0","0"
3000,6700,82,0,26,15,4,13,6,"22",8,0,"0","0","0","0","1","0","0","0","0"
11000,7500,59,769387,34,12,14,15,9,"179",12,0,"0","0","0","0","1","2","0","1","0"
115000,7400,66,1242470,99,10,48,28,6,"1118",4,0,"3","0","0","0","0","0","0","0","0"
6000,8100,98,506824,0,0,0,0,0,"169",0,0,"0","0","0","0","1","0","0","1","0"
44000,8400,72,3030132,89,22,30,61,17,"39",6,0,"0","0","0","0","0","0","0","0","0"
5000,6100,112,49260,0,0,0,0,0,"85",0,0,"0","0","0","0","0","0","0","0","0"
21000,3200,49,0,49,1,37,6,0,"1263",0,0,"0","0","0","0","0","0","0","0","0"
2000,7400,40,115259,2,0,0,2,0,"372",4,0,"0","0","0","0","0","0","0","0","0"
10000,8200,103,907724,0,0,0,0,0,"486",4,4,"2","0","0","0","0","0","0","0","0"
6000,6900,22,76488,0,0,0,0,0,"201",2,0,"0","0","0","0","0","0","0","0","0"
5000,8600,89,1006612,0,0,0,0,0,"657",4,0,"0","0","0","0","0","0","0","0","0"
5000,7000,86,70234,0,0,0,0,0,"497",4,0,"0","0","0","0","0","0","0","0","0"
3000,6800,49,0,0,0,0,0,0,"7",12,0,"0","0","0","0","0","0","0","0","0"
5000,8500,107,793713,0,0,0,0,0,"123",8,0,"2","0","0","0","0","0","0","0","0"
5000,8300,26,534158,0,0,0,0,0,"6",10,0,"0","0","0","0","0","0","0","0","0"
3000,7600,73,74139,0,0,0,0,0,"53",8,0,"0","0","0","0","0","0","0","0","0"
2000,4800,77,25811,0,0,0,0,0,"570",0,0,"2","0","0","0","0","0","0","0","0"
31000,7100,60,924460,0,0,0,0,0,"40",8,0,"0","0","2","0","0","2","0","0","0"
500,1600,13,0,0,0,0,0,0,"397",0,0,"0","2","0","0","0","0","0","0","0"
3000,7300,85,546056,0,0,0,0,0,"260",12,0,"0","0","0","0","0","0","0","0","0"
3000,5500,76,0,0,0,0,0,0,"300",4,4,"2","0","0","0","0","0","0","0","0"
2000,5400,37,331563,0,0,0,0,0,"360",2,0,"0","0","0","0","0","0","0","0","0"
2000,5400,56,564834,0,0,0,0,0,"369",0,0,"0","0","0","0","0","0","0","0","0"
3000,7400,60,94900,0,0,0,0,0,"495",8,0,"2","0","0","0","0","0","0","0","0"
