"Outcome_M9","Quan_2","Quan_3","Quan_4","Quan_5","Quan_6","Quan_7","Quan_10","Quan_11","Cat_3","Cat_4","Quan_18","Cat_349","Cat_359","Quant_24","Quant_25","Cat_469","Cat_470","Cat_494","Quan_27"
500,8300,76,538046,29.7883211678832,8.66058394160584,10.5,16.0182481751825,6.06204379562044,"114","183",16,"0","0",9,55.7813504823151,"2","0","0",0
3000,7600,50,557614,29.7883211678832,8.66058394160584,10.5,16.0182481751825,6.06204379562044,"132","446",11.0857142857143,"0","0",53.1466275659824,55.7813504823151,"0","0","0",0
2000,8000,66,1119115,29.7883211678832,8.66058394160584,10.5,16.0182481751825,6.06204379562044,"8","11",11.0857142857143,"0","0",53.1466275659824,55.7813504823151,"2","0","0",0
500,7600,81,58666,29.7883211678832,8.66058394160584,10.5,16.0182481751825,6.06204379562044,"142","543",8,"0","0",53.1466275659824,4,"0","0","0",0
2000,6900,98,428382,58,29,13,38,26,"215","687",11.0857142857143,"0","0",53.1466275659824,55.7813504823151,"0","0","1",0
500,6000,81,62984,9,1,3,7,0,"347","589",11.0857142857143,"0","0",53.1466275659824,55.7813504823151,"0","0","0",0
500,6900,112,414785,29.7883211678832,8.66058394160584,10.5,16.0182481751825,6.06204379562044,"304","501",11.0857142857143,"0","0",53.1466275659824,55.7813504823151,"0","0","0",0
500,4700,10,42767,29.7883211678832,8.66058394160584,10.5,16.0182481751825,6.06204379562044,"12","248",11.0857142857143,"0","0",30,30,"0","0","0",0
500,4800,10,440417.6367713,29.7883211678832,8.66058394160584,10.5,16.0182481751825,6.06204379562044,"25","33",11.0857142857143,"0","0",6,6,"0","0","0",0
500,5100,78,508995,29.7883211678832,8.66058394160584,10.5,16.0182481751825,6.06204379562044,"30","41",11.0857142857143,"0","0",2,55.7813504823151,"0","0","0",0
2000,4300,53,1698,4,2,0,3,1,"304","909",11.0857142857143,"0","0",53.1466275659824,3,"0","0","0",0
500,6500,54,37635,29.7883211678832,8.66058394160584,10.5,16.0182481751825,6.06204379562044,"100","155",11.0857142857143,"0","0",8,8,"0","0","0",0
2000,6900,45,216645,29.7883211678832,8.66058394160584,10.5,16.0182481751825,6.06204379562044,"30","266",11.0857142857143,"0","0",53.1466275659824,55.7813504823151,"0","0","0",0
500,7000,58,670326,29.7883211678832,8.66058394160584,10.5,16.0182481751825,6.06204379562044,"107","264",11.0857142857143,"0","0",8,8,"0","0","0",0
500,6100,42,77366,29.7883211678832,8.66058394160584,10.5,16.0182481751825,6.06204379562044,"143","226",11.0857142857143,"0","0",33,33,"0","0","0",0
2000,8800,99,332670,29.7883211678832,8.66058394160584,10.5,16.0182481751825,6.06204379562044,"33","384",11.0857142857143,"0","0",53.1466275659824,55.7813504823151,"2","0","0",0
500,7100,35,149470,29.7883211678832,8.66058394160584,10.5,16.0182481751825,6.06204379562044,"15","366",11.0857142857143,"0","0",53.1466275659824,55.7813504823151,"0","0","0",0
500,6400,96,746269,29.7883211678832,8.66058394160584,10.5,16.0182481751825,6.06204379562044,"8","18",11.0857142857143,"0","0",53.1466275659824,55.7813504823151,"2","0","0",0
500,4600,3,38595,29.7883211678832,8.66058394160584,10.5,16.0182481751825,6.06204379562044,"244","395",11.0857142857143,"0","0",6,6,"0","0","0",0
500,7300,85,440417.6367713,29.7883211678832,8.66058394160584,10.5,16.0182481751825,6.06204379562044,"268","586",11.0857142857143,"0","0",53.1466275659824,55.7813504823151,"0","0","0",0
2000,6400,29,440417.6367713,29.7883211678832,8.66058394160584,10.5,16.0182481751825,6.06204379562044,"97","182",11.0857142857143,"0","0",12,12,"0","0","0",0
500,6800,21,440417.6367713,29.7883211678832,8.66058394160584,10.5,16.0182481751825,6.06204379562044,"77","329",11.0857142857143,"0","0",53.1466275659824,55.7813504823151,"0","0","0",0
500,5700,13,13798,29.7883211678832,8.66058394160584,10.5,16.0182481751825,6.06204379562044,"140","222",11.0857142857143,"0","0",53.1466275659824,55.7813504823151,"0","0","0",0
500,7600,55,440417.6367713,14,5,8,7,1,"32","1354",11.0857142857143,"0","0",53.1466275659824,55.7813504823151,"0","0","0",0
500,7100,58,327817,29.7883211678832,8.66058394160584,10.5,16.0182481751825,6.06204379562044,"180","546",11.0857142857143,"0","0",53.1466275659824,55.7813504823151,"2","0","0",0
2000,8000,79,143718,29.7883211678832,8.66058394160584,10.5,16.0182481751825,6.06204379562044,"141","572",11.0857142857143,"0","0",53.1466275659824,55.7813504823151,"0","0","0",0
2000,7900,61,652377,29.7883211678832,8.66058394160584,10.5,16.0182481751825,6.06204379562044,"30","51",11.0857142857143,"0","0",119,119,"0","0","0",0
500,7200,61,606019,29.7883211678832,8.66058394160584,10.5,16.0182481751825,6.06204379562044,"268","431",11.0857142857143,"0","0",3,3,"2","0","0",0
500,6900,39,73049,4,1,1,3,1,"304","1388",11.0857142857143,"0","0",53.1466275659824,55.7813504823151,"0","0","0",0
500,6987.22826086957,1,224077,80,6,67,4,1,"357","1166",11.0857142857143,"0","0",53.1466275659824,55.7813504823151,"0","0","1",0
2000,7200,105,856200,29.7883211678832,8.66058394160584,10.5,16.0182481751825,6.06204379562044,"247","399",11.0857142857143,"0","0",53.1466275659824,55.7813504823151,"2","0","1",0
6000,8200,101,743429,29.7883211678832,8.66058394160584,10.5,16.0182481751825,6.06204379562044,"114","189",16,"0","0",53.1466275659824,55.7813504823151,"2","0","1",0
2000,8400,63,1649272,29.7883211678832,8.66058394160584,10.5,16.0182481751825,6.06204379562044,"30","39",11.0857142857143,"0","0",32,32,"0","0","0",0
3000,8200,50,743429,29.7883211678832,8.66058394160584,10.5,16.0182481751825,6.06204379562044,"114","189",14,"0","0",53.1466275659824,55.7813504823151,"2","0","1",0
2000,7800,106,343410,29.7883211678832,8.66058394160584,10.5,16.0182481751825,6.06204379562044,"238","389",11.0857142857143,"0","0",53.1466275659824,4,"0","0","1",0
2000,8900,37,440417.6367713,12,5,5,5,4,"70","1168",11.0857142857143,"0","0",53.1466275659824,55.7813504823151,"0","0","0",0
500,6600,9,440417.6367713,1,0,0,1,0,"46","677",11.0857142857143,"0","0",53.1466275659824,55.7813504823151,"0","0","0",0
500,5500,52,440417.6367713,40,11,5,19,9,"138","1152",11.0857142857143,"0","0",6,6,"0","0","0",0
2000,7900,53,58806,29.7883211678832,8.66058394160584,10.5,16.0182481751825,6.06204379562044,"101","158",11.0857142857143,"0","0",22,22,"2","0","0",0
500,6500,79,529465,29.7883211678832,8.66058394160584,10.5,16.0182481751825,6.06204379562044,"39","252",8,"0","0",53.1466275659824,55.7813504823151,"0","0","0",0
500,6700,66,503559,29.7883211678832,8.66058394160584,10.5,16.0182481751825,6.06204379562044,"29","37",11.0857142857143,"0","0",36,36,"0","0","0",0
500,6900,29,396498,29.7883211678832,8.66058394160584,10.5,16.0182481751825,6.06204379562044,"160","251",11.0857142857143,"0","0",53.1466275659824,55.7813504823151,"0","0","0",0
3000,8600,92,1172663,36,13,17,7,5,"32","48",11.0857142857143,"0","0",53.1466275659824,55.7813504823151,"2","0","0",0
2000,8100,44,438659,29.7883211678832,8.66058394160584,10.5,16.0182481751825,6.06204379562044,"30","51",11.0857142857143,"0","0",119,119,"0","0","0",0
3000,7300,100,872255,76,33,26,37,24,"35","260",11.0857142857143,"0","0",53.1466275659824,55.7813504823151,"2","0","0",0
500,8500,84,169907,60,20,24,45,16,"424","754",11.0857142857143,"0","0",53.1466275659824,55.7813504823151,"0","0","1",0
500,5300,10,176797,3,0,0,3,0,"403","1234",11.0857142857143,"0","0",13,13,"0","0","0",0
500,6300,73,35887,29.7883211678832,8.66058394160584,10.5,16.0182481751825,6.06204379562044,"236","387",11.0857142857143,"0","0",53.1466275659824,55.7813504823151,"0","0","0",0
500,6100,70,215765,29.7883211678832,8.66058394160584,10.5,16.0182481751825,6.06204379562044,"183","18",11.0857142857143,"0","0",14,14,"0","0","0",0
500,8100,96,440417.6367713,29.7883211678832,8.66058394160584,10.5,16.0182481751825,6.06204379562044,"90","140",11.0857142857143,"0","0",15,15,"0","0","0",0
500,7600,63,4538,7,2,2,2,1,"385","655",11.0857142857143,"0","0",53.1466275659824,55.7813504823151,"0","0","0",0
500,4700,55,13632,1,0,0,1,0,"477","85",11.0857142857143,"0","0",53.1466275659824,55.7813504823151,"0","0","0",0
500,4000,7,98168,0,0,0,0,0,"140","222",11.0857142857143,"0","0",53.1466275659824,55.7813504823151,"0","0","0",0
500,7300,6,119498,29.7883211678832,8.66058394160584,10.5,16.0182481751825,6.06204379562044,"127","202",11.0857142857143,"0","0",33,33,"0","0","0",0
500,7600,51,384726,29.7883211678832,8.66058394160584,10.5,16.0182481751825,6.06204379562044,"38","380",11.0857142857143,"0","0",60,60,"0","0","0",0
500,6200,89,1564,29.7883211678832,8.66058394160584,10.5,16.0182481751825,6.06204379562044,"300","644",11.0857142857143,"0","0",22,22,"0","0","0",0
2000,6000,42,55669,35,16,10,18,10,"12","1362",11.0857142857143,"0","0",92,92,"0","0","0",0
6000,9000,82,802286,29.7883211678832,8.66058394160584,10.5,16.0182481751825,6.06204379562044,"32","48",11.0857142857143,"0","0",544,544,"2","0","1",0
500,4300,48,108948,29.7883211678832,8.66058394160584,10.5,16.0182481751825,6.06204379562044,"251","672",11.0857142857143,"0","0",16,55.7813504823151,"0","0","0",0
3000,8300,110,870647,29.7883211678832,8.66058394160584,10.5,16.0182481751825,6.06204379562044,"32","40",11.0857142857143,"0","0",53.1466275659824,55.7813504823151,"2","0","0",0
3000,5600,60,331563,29.7883211678832,8.66058394160584,10.5,16.0182481751825,6.06204379562044,"64","360",11.0857142857143,"0","0",81,81,"0","0","0",0
500,6400,24,440417.6367713,27,3,3,6,0,"180","285",11.0857142857143,"0","0",53.1466275659824,55.7813504823151,"0","0","0",0
2000,8400,144,1173440,29.7883211678832,8.66058394160584,10.5,16.0182481751825,6.06204379562044,"23","30",11.0857142857143,"0","0",53.1466275659824,55.7813504823151,"2","0","0",0
500,6400,4,440417.6367713,29.7883211678832,8.66058394160584,10.5,16.0182481751825,6.06204379562044,"420","739",11.0857142857143,"0","0",53.1466275659824,55.7813504823151,"0","0","0",0
500,7800,43,697011,29.7883211678832,8.66058394160584,10.5,16.0182481751825,6.06204379562044,"5","5",11.0857142857143,"0","0",53.1466275659824,55.7813504823151,"0","0","0",0
500,7700,90,75621,29.7883211678832,8.66058394160584,10.5,16.0182481751825,6.06204379562044,"135","217",11.0857142857143,"0","0",5,55.7813504823151,"0","0","0",0
5000,8600,121,1399606,29.7883211678832,8.66058394160584,10.5,16.0182481751825,6.06204379562044,"79","129",11.0857142857143,"0","0",53.1466275659824,55.7813504823151,"2","0","0",0
2000,8900,44,907439,29.7883211678832,8.66058394160584,10.5,16.0182481751825,6.06204379562044,"77","127",11.0857142857143,"0","0",53.1466275659824,55.7813504823151,"0","0","0",0
2000,8600,95,395580,29.7883211678832,8.66058394160584,10.5,16.0182481751825,6.06204379562044,"290","478",11.0857142857143,"0","0",53.1466275659824,55.7813504823151,"0","0","0",0
500,7900,72,58648,29.7883211678832,8.66058394160584,10.5,16.0182481751825,6.06204379562044,"5","7",11.0857142857143,"0","0",109,109,"0","0","0",0
2000,7500,87,1575180,29.7883211678832,8.66058394160584,10.5,16.0182481751825,6.06204379562044,"10","19",11.0857142857143,"0","0",53.1466275659824,55.7813504823151,"0","0","0",0
2000,7300,49,788296,29.7883211678832,8.66058394160584,10.5,16.0182481751825,6.06204379562044,"32","49",11.0857142857143,"0","0",30,30,"2","0","0",0
500,6400,26,150368,29.7883211678832,8.66058394160584,10.5,16.0182481751825,6.06204379562044,"176","660",11.0857142857143,"0","0",4,4,"0","0","0",0
500,6987.22826086957,1,174848,29.7883211678832,8.66058394160584,10.5,16.0182481751825,6.06204379562044,"176","323",11.0857142857143,"0","0",53.1466275659824,55.7813504823151,"0","0","0",0
500,6800,35,73049,4,1,1,4,1,"304","1388",11.0857142857143,"0","0",53.1466275659824,55.7813504823151,"0","0","0",0
500,6200,7,440417.6367713,3,0,1,0,0,"482","69",11.0857142857143,"0","0",53.1466275659824,55.7813504823151,"0","0","0",0
500,7800,77,466603,29.7883211678832,8.66058394160584,10.5,16.0182481751825,6.06204379562044,"98","193",11.0857142857143,"0","0",53.1466275659824,55.7813504823151,"0","0","0",0
500,8000,67,275695,29.7883211678832,8.66058394160584,10.5,16.0182481751825,6.06204379562044,"141","224",11.0857142857143,"0","0",53.1466275659824,23,"0","0","0",0
2000,8300,90,372875,29.7883211678832,8.66058394160584,10.5,16.0182481751825,6.06204379562044,"82","311",11.0857142857143,"0","0",53.1466275659824,55.7813504823151,"2","0","0",0
500,8600,96,248407,29.7883211678832,8.66058394160584,10.5,16.0182481751825,6.06204379562044,"142","225",11.0857142857143,"0","0",53.1466275659824,55.7813504823151,"0","0","0",0
2000,8500,134,420774,29.7883211678832,8.66058394160584,10.5,16.0182481751825,6.06204379562044,"106","172",11.0857142857143,"0","0",22,22,"2","0","0",0
500,5000,71,50584,29.7883211678832,8.66058394160584,10.5,16.0182481751825,6.06204379562044,"373","631",4,"0","0",4,4,"0","0","0",0
500,7500,46,8412,29.7883211678832,8.66058394160584,10.5,16.0182481751825,6.06204379562044,"213","348",11.0857142857143,"0","0",53.1466275659824,55.7813504823151,"0","0","0",0
500,5200,41,769,35,0,24,7,0,"50","1125",11.0857142857143,"0","0",7,7,"0","0","0",0
500,7800,76,14,11,5,3,7,2,"559","637",11.0857142857143,"0","0",4,55.7813504823151,"0","0","0",0
500,4400,5,334360,1,0,0,0,0,"129","1131",11.0857142857143,"0","0",2,2,"0","0","0",0
500,4400,12,25831,2,0,0,2,0,"484","377",11.0857142857143,"0","0",53.1466275659824,55.7813504823151,"0","0","0",0
500,2900,37,233505,0,0,0,0,0,"252","447",11.0857142857143,"0","0",53.1466275659824,55.7813504823151,"0","0","0",0
500,7200,60,47363,29.7883211678832,8.66058394160584,10.5,16.0182481751825,6.06204379562044,"5","7",11.0857142857143,"0","0",109,109,"0","0","0",0
2000,7700,88,557614,29.7883211678832,8.66058394160584,10.5,16.0182481751825,6.06204379562044,"132","446",11.0857142857143,"0","0",53.1466275659824,55.7813504823151,"0","0","0",0
500,7100,56,111812,29.7883211678832,8.66058394160584,10.5,16.0182481751825,6.06204379562044,"333","559",11.0857142857143,"0","0",3,3,"0","0","0",0
500,8300,64,14306,8,4,3,2,2,"142","1010",12,"0","0",24,55.7813504823151,"0","0","0",0
500,5500,10,384334,29.7883211678832,8.66058394160584,10.5,16.0182481751825,6.06204379562044,"176","277",11.0857142857143,"0","0",53.1466275659824,4,"0","0","0",0
2000,4200,37,440417.6367713,58,1,42,6,0,"627","1179",11.0857142857143,"0","0",53.1466275659824,55.7813504823151,"2","0","0",0
2000,8800,68,16504,23,9,14,6,3,"32","52",11.0857142857143,"0","0",53.1466275659824,55.7813504823151,"0","0","0",0
500,7500,57,777132,29.7883211678832,8.66058394160584,10.5,16.0182481751825,6.06204379562044,"187","295",8,"0","0",53.1466275659824,18,"0","0","0",0
500,7700,88,440417.6367713,23,7,5,13,5,"232","305",11.0857142857143,"0","0",19,19,"0","0","0",0
500,7900,37,440417.6367713,29.7883211678832,8.66058394160584,10.5,16.0182481751825,6.06204379562044,"32","198",11.0857142857143,"0","0",52,52,"0","0","0",0
500,8300,53,503093,29.7883211678832,8.66058394160584,10.5,16.0182481751825,6.06204379562044,"168","398",11.0857142857143,"0","0",16,16,"0","0","0",0
2000,8400,95,336930,29.7883211678832,8.66058394160584,10.5,16.0182481751825,6.06204379562044,"67","432",11.0857142857143,"0","0",33,33,"2","0","1",0
2000,7600,84,820707,29.7883211678832,8.66058394160584,10.5,16.0182481751825,6.06204379562044,"31","40",11.0857142857143,"0","0",53.1466275659824,55.7813504823151,"2","0","0",0
500,4300,18,440417.6367713,5,1,2,2,0,"327","1146",11.0857142857143,"0","0",11,11,"0","0","0",0
500,7800,84,1879,9,4,3,6,3,"11","587",11.0857142857143,"0","0",53.1466275659824,8,"0","0","1",0
6000,8800,110,527439,29.7883211678832,8.66058394160584,10.5,16.0182481751825,6.06204379562044,"114","189",16,"0","0",17,17,"2","0","1",0
2000,5700,8,227165,9,1,6,2,0,"9","382",11.0857142857143,"0","0",53.1466275659824,55.7813504823151,"0","0","0",0
500,6300,53,241413,29.7883211678832,8.66058394160584,10.5,16.0182481751825,6.06204379562044,"243","244",11.0857142857143,"0","0",3,55.7813504823151,"0","0","0",0
2000,7500,98,850888,29.7883211678832,8.66058394160584,10.5,16.0182481751825,6.06204379562044,"339","571",11.0857142857143,"0","2",53.1466275659824,55.7813504823151,"2","0","1",3
2000,8400,113,538046,29.7883211678832,8.66058394160584,10.5,16.0182481751825,6.06204379562044,"114","183",16,"0","0",9,55.7813504823151,"2","0","1",0
500,6800,46,75598,29.7883211678832,8.66058394160584,10.5,16.0182481751825,6.06204379562044,"32","201",11.0857142857143,"0","0",324,324,"0","0","0",0
2000,3800,39,450556,11,1,2,11,1,"243","244",11.0857142857143,"0","0",53.1466275659824,55.7813504823151,"0","0","0",0
500,7400,109,250974,29.7883211678832,8.66058394160584,10.5,16.0182481751825,6.06204379562044,"13","16",8,"0","0",53.1466275659824,16,"0","0","1",0
500,7500,82,440417.6367713,29.7883211678832,8.66058394160584,10.5,16.0182481751825,6.06204379562044,"76","126",11.0857142857143,"0","0",22,22,"2","0","0",0
500,7200,127,941734,25,7,11,10,4,"33","643",11.0857142857143,"0","0",53.1466275659824,55.7813504823151,"0","0","0",1
2000,7900,75,208574,27,6,14,12,6,"31","286",11.0857142857143,"0","0",53.1466275659824,55.7813504823151,"0","0","0",0
500,7700,70,155555,2,0,2,0,0,"403","701",11.0857142857143,"0","0",20,20,"0","0","0",0
500,7200,80,242444,6,0,2,2,0,"38","664",11.0857142857143,"0","0",53.1466275659824,55.7813504823151,"0","0","0",0
2000,8500,58,1238684,29.7883211678832,8.66058394160584,10.5,16.0182481751825,6.06204379562044,"30","39",11.0857142857143,"0","0",32,32,"0","0","0",0
2000,8600,129,780782,29.7883211678832,8.66058394160584,10.5,16.0182481751825,6.06204379562044,"79","278",11.0857142857143,"0","0",53.1466275659824,55.7813504823151,"0","0","0",0
2000,5500,68,761,29.7883211678832,8.66058394160584,10.5,16.0182481751825,6.06204379562044,"268","443",11.0857142857143,"0","0",22,22,"0","0","0",0
500,6300,10,221857,29.7883211678832,8.66058394160584,10.5,16.0182481751825,6.06204379562044,"107","174",11.0857142857143,"0","0",18,18,"0","0","0",0
2000,7700,27,466940,29.7883211678832,8.66058394160584,10.5,16.0182481751825,6.06204379562044,"4","213",11.0857142857143,"0","0",32,32,"0","0","0",0
13000,9300,114,3220430,29.7883211678832,8.66058394160584,10.5,16.0182481751825,6.06204379562044,"7","11",18,"0","0",53.1466275659824,55.7813504823151,"2","0","1",0
2000,8000,30,539483,29.7883211678832,8.66058394160584,10.5,16.0182481751825,6.06204379562044,"30","51",11.0857142857143,"0","0",120,120,"0","0","0",0
2000,7200,101,324749,29.7883211678832,8.66058394160584,10.5,16.0182481751825,6.06204379562044,"217","355",10,"0","0",53.1466275659824,2,"0","0","0",0
500,6700,62,570116,29.7883211678832,8.66058394160584,10.5,16.0182481751825,6.06204379562044,"208","340",11.0857142857143,"0","0",53.1466275659824,55.7813504823151,"0","0","0",0
2000,8800,125,348241,85,25,42,39,20,"33","384",11.0857142857143,"0","0",53.1466275659824,5,"2","0","1",0
500,8600,34,15804,29.7883211678832,8.66058394160584,10.5,16.0182481751825,6.06204379562044,"32","52",11.0857142857143,"0","0",53.1466275659824,55.7813504823151,"0","0","0",0
500,6300,12,97941,29.7883211678832,8.66058394160584,10.5,16.0182481751825,6.06204379562044,"27","453",11.0857142857143,"0","0",53.1466275659824,55.7813504823151,"0","0","0",0
500,6100,98,641442,29.7883211678832,8.66058394160584,10.5,16.0182481751825,6.06204379562044,"114","632",11.0857142857143,"0","0",24,55.7813504823151,"0","0","0",0
2000,8000,43,1164838,29.7883211678832,8.66058394160584,10.5,16.0182481751825,6.06204379562044,"33","44",11.0857142857143,"0","0",53,53,"0","0","0",0
500,7200,55,495179,29.7883211678832,8.66058394160584,10.5,16.0182481751825,6.06204379562044,"178","281",11.0857142857143,"0","0",53.1466275659824,55.7813504823151,"0","0","0",0
500,7900,44,11049,29.7883211678832,8.66058394160584,10.5,16.0182481751825,6.06204379562044,"114","265",11.0857142857143,"0","0",30,30,"0","0","0",0
500,5700,12,407303,19,3,9,8,2,"395","19",11.0857142857143,"0","0",27,27,"0","0","0",0
500,6400,10,190084,2,1,0,2,1,"394","680",11.0857142857143,"0","0",20,20,"0","0","0",0
3000,7600,87,371070,29.7883211678832,8.66058394160584,10.5,16.0182481751825,6.06204379562044,"35","46",11.0857142857143,"0","0",53.1466275659824,55.7813504823151,"2","0","0",0
500,6900,22,416229,29.7883211678832,8.66058394160584,10.5,16.0182481751825,6.06204379562044,"127","202",16,"0","0",53.1466275659824,55.7813504823151,"0","0","0",0
500,6900,68,664806,29.7883211678832,8.66058394160584,10.5,16.0182481751825,6.06204379562044,"232","378",11.0857142857143,"0","0",53.1466275659824,55.7813504823151,"0","0","0",0
2000,7900,67,90029,29.7883211678832,8.66058394160584,10.5,16.0182481751825,6.06204379562044,"32","52",11.0857142857143,"0","0",35,35,"0","0","0",0
500,7000,45,440417.6367713,29.7883211678832,8.66058394160584,10.5,16.0182481751825,6.06204379562044,"4","7",11.0857142857143,"0","0",30,30,"0","0","0",0
500,6700,56,440417.6367713,0,0,0,0,0,"488","901",11.0857142857143,"0","0",53.1466275659824,55.7813504823151,"0","0","0",0
500,5600,6,440417.6367713,0,0,0,0,0,"9","890",11.0857142857143,"0","0",53.1466275659824,55.7813504823151,"0","0","0",0
500,4300,11,88573,29.7883211678832,8.66058394160584,10.5,16.0182481751825,6.06204379562044,"6","551",14,"0","0",53.1466275659824,55.7813504823151,"0","0","0",0
3000,6100,81,779035,51,26,11,25,18,"247","399",11.0857142857143,"0","0",22,55.7813504823151,"0","0","1",0
500,7200,33,49009,29.7883211678832,8.66058394160584,10.5,16.0182481751825,6.06204379562044,"50","199",11.0857142857143,"0","0",250,250,"0","0","0",0
500,3100,5,47068,29.7883211678832,8.66058394160584,10.5,16.0182481751825,6.06204379562044,"127","425",8,"0","0",7,7,"0","0","0",0
500,8000,47,139621,29.7883211678832,8.66058394160584,10.5,16.0182481751825,6.06204379562044,"144","228",11.0857142857143,"0","0",12,55.7813504823151,"0","0","0",0
500,7300,40,304225,29.7883211678832,8.66058394160584,10.5,16.0182481751825,6.06204379562044,"4","204",11.0857142857143,"0","0",24,24,"0","0","0",0
2000,8900,53,676207,32,4,10,10,3,"77","127",11.0857142857143,"0","0",30,30,"0","0","0",0
2000,7700,49,253625,29.7883211678832,8.66058394160584,10.5,16.0182481751825,6.06204379562044,"114","265",11.0857142857143,"0","0",53.1466275659824,11,"2","0","0",0
500,6000,65,48178,29.7883211678832,8.66058394160584,10.5,16.0182481751825,6.06204379562044,"48","66",11.0857142857143,"0","0",52,52,"0","0","0",0
2000,7900,76,145077,64,4,48,44,3,"30","44",11.0857142857143,"0","0",53.1466275659824,55.7813504823151,"0","0","0",0
500,3600,33,76996,29.7883211678832,8.66058394160584,10.5,16.0182481751825,6.06204379562044,"273","441",11.0857142857143,"0","0",53.1466275659824,55.7813504823151,"0","0","0",0
3000,9100,131,582649,29.7883211678832,8.66058394160584,10.5,16.0182481751825,6.06204379562044,"336","565",11.0857142857143,"0","0",53.1466275659824,55.7813504823151,"0","1","1",0
500,3600,8,334360,1,0,0,0,0,"129","1131",11.0857142857143,"0","0",2,2,"0","0","0",0
2000,7600,52,257699,38,12,4,28,10,"38","79",11.0857142857143,"0","0",124,124,"0","0","0",0
500,8500,47,440417.6367713,2,1,0,1,1,"259","671",11.0857142857143,"0","0",16,16,"0","0","0",0
2000,6200,68,148496,29.7883211678832,8.66058394160584,10.5,16.0182481751825,6.06204379562044,"32","48",11.0857142857143,"0","0",72,72,"0","0","0",0
500,6800,98,214006,29.7883211678832,8.66058394160584,10.5,16.0182481751825,6.06204379562044,"8","18",11.0857142857143,"0","0",53.1466275659824,55.7813504823151,"0","0","0",0
500,7000,89,39995,29.7883211678832,8.66058394160584,10.5,16.0182481751825,6.06204379562044,"97","182",11.0857142857143,"0","0",12,12,"0","0","0",0
500,6987.22826086957,62.2247644683715,440417.6367713,4,2,1,3,2,"73","279",11.0857142857143,"0","0",20,55.7813504823151,"0","0","0",0
500,3500,4,11675,29.7883211678832,8.66058394160584,10.5,16.0182481751825,6.06204379562044,"194","10",11.0857142857143,"0","0",53.1466275659824,55.7813504823151,"0","0","0",0
2000,7400,112,941734,22,7,9,11,4,"33","643",11.0857142857143,"0","0",53.1466275659824,55.7813504823151,"2","0","0",1
500,7800,28,245463,29.7883211678832,8.66058394160584,10.5,16.0182481751825,6.06204379562044,"362","213",11.0857142857143,"0","0",34,34,"0","0","0",0
2000,8000,86,1951543,29.7883211678832,8.66058394160584,10.5,16.0182481751825,6.06204379562044,"30","39",11.0857142857143,"0","0",32,32,"0","0","0",0
500,8900,136,395580,29.7883211678832,8.66058394160584,10.5,16.0182481751825,6.06204379562044,"290","478",11.0857142857143,"0","0",53.1466275659824,55.7813504823151,"0","0","0",0
8000,8900,118,1394197,29.7883211678832,8.66058394160584,10.5,16.0182481751825,6.06204379562044,"114","206",11.0857142857143,"0","0",53.1466275659824,55.7813504823151,"2","0","1",1
2000,8500,94,755977,29.7883211678832,8.66058394160584,10.5,16.0182481751825,6.06204379562044,"109","582",16,"0","0",53.1466275659824,55.7813504823151,"0","0","0",0
2000,8400,81,212135,29.7883211678832,8.66058394160584,10.5,16.0182481751825,6.06204379562044,"269","433",4,"0","0",16,16,"0","0","0",0
500,8300,94,172979,95,20,61,58,16,"564","1054",11.0857142857143,"0","0",53.1466275659824,55.7813504823151,"0","0","0",0
500,6400,5,150368,29.7883211678832,8.66058394160584,10.5,16.0182481751825,6.06204379562044,"176","660",11.0857142857143,"0","0",4,4,"0","0","0",0
500,6200,5,407303,21,3,11,8,2,"395","19",11.0857142857143,"0","0",28,28,"0","0","0",0
500,7100,62,136366,29.7883211678832,8.66058394160584,10.5,16.0182481751825,6.06204379562044,"251","404",11.0857142857143,"0","0",53.1466275659824,55.7813504823151,"0","0","0",0
2000,5600,64,166518,29.7883211678832,8.66058394160584,10.5,16.0182481751825,6.06204379562044,"230","375",2,"0","0",40,55.7813504823151,"0","0","0",0
500,5900,17,283838,7,0,4,2,0,"578","1081",11.0857142857143,"0","0",198,198,"0","0","0",0
2000,8000,61,13671,29.7883211678832,8.66058394160584,10.5,16.0182481751825,6.06204379562044,"32","49",11.0857142857143,"0","0",34,34,"2","0","0",0
500,8300,135,488430,29.7883211678832,8.66058394160584,10.5,16.0182481751825,6.06204379562044,"334","562",11.0857142857143,"0","0",53.1466275659824,55.7813504823151,"2","0","0",0
2000,7400,92,872255,73,33,22,37,23,"34","260",11.0857142857143,"0","0",53.1466275659824,55.7813504823151,"2","0","0",0
500,4900,21,49935,29.7883211678832,8.66058394160584,10.5,16.0182481751825,6.06204379562044,"9","287",12,"0","0",53.1466275659824,8,"0","0","0",0
500,7300,55,477063,29.7883211678832,8.66058394160584,10.5,16.0182481751825,6.06204379562044,"10","19",11.0857142857143,"0","0",30,30,"0","0","0",0
500,6700,18,471617,29.7883211678832,8.66058394160584,10.5,16.0182481751825,6.06204379562044,"116","186",11.0857142857143,"0","0",53.1466275659824,55.7813504823151,"0","0","0",0
16000,8800,74,696622,313,26,273,288,19,"4","6",10,"0","0",30,30,"0","0","0",0
500,6400,39,5633,40,1,29,6,0,"50","1126",11.0857142857143,"0","0",53.1466275659824,55.7813504823151,"0","0","0",0
500,6100,45,9772,1,1,0,1,1,"143","895",11.0857142857143,"0","0",8,8,"0","0","0",0
2000,7100,106,37215,29.7883211678832,8.66058394160584,10.5,16.0182481751825,6.06204379562044,"278","460",8,"0","0",53.1466275659824,55.7813504823151,"0","0","0",0
500,6500,4,440417.6367713,29.7883211678832,8.66058394160584,10.5,16.0182481751825,6.06204379562044,"409","718",11.0857142857143,"0","0",53.1466275659824,55.7813504823151,"0","0","0",0
500,8200,102,447992,29.7883211678832,8.66058394160584,10.5,16.0182481751825,6.06204379562044,"40","56",11.0857142857143,"0","0",53.1466275659824,55.7813504823151,"2","0","0",0
3000,8500,154,401293,29.7883211678832,8.66058394160584,10.5,16.0182481751825,6.06204379562044,"323","536",11.0857142857143,"0","0",53.1466275659824,55.7813504823151,"2","0","1",0
2000,8300,106,793103,29.7883211678832,8.66058394160584,10.5,16.0182481751825,6.06204379562044,"78","128",11.0857142857143,"0","0",53.1466275659824,55.7813504823151,"2","0","0",0
500,8200,50,412632,29.7883211678832,8.66058394160584,10.5,16.0182481751825,6.06204379562044,"32","50",11.0857142857143,"0","0",18,18,"0","0","0",0
500,4500,43,56051,29.7883211678832,8.66058394160584,10.5,16.0182481751825,6.06204379562044,"426","757",11.0857142857143,"0","0",53.1466275659824,55.7813504823151,"0","0","0",0
500,6987.22826086957,62.2247644683715,386836,10,3,4,0,0,"243","898",11.0857142857143,"0","0",8,8,"0","0","0",0
2000,7900,81,940341,30,10,7,18,8,"38","763",11.0857142857143,"0","0",167,167,"0","0","1",0
500,6700,29,163947,11,3,5,3,0,"584","403",11.0857142857143,"0","0",6,6,"0","0","0",0
2000,7600,69,824187,29,3,14,14,3,"27","981",11.0857142857143,"0","0",4,4,"0","0","0",0
500,5000,43,224371,29.7883211678832,8.66058394160584,10.5,16.0182481751825,6.06204379562044,"216","412",11.0857142857143,"0","0",53.1466275659824,55.7813504823151,"0","0","0",0
500,3800,48,84266,29.7883211678832,8.66058394160584,10.5,16.0182481751825,6.06204379562044,"158","249",12,"0","0",3,55.7813504823151,"0","0","0",0
3000,8700,58,222511,29.7883211678832,8.66058394160584,10.5,16.0182481751825,6.06204379562044,"32","48",11.0857142857143,"0","0",512,512,"2","0","0",0
500,5300,34,149219,16,2,4,2,0,"46","1262",11.0857142857143,"0","0",53.1466275659824,55.7813504823151,"0","0","0",0
2000,2600,17,3936,42,2,34,5,0,"49","1145",11.0857142857143,"0","0",8,8,"0","0","0",0
500,6900,67,214006,29.7883211678832,8.66058394160584,10.5,16.0182481751825,6.06204379562044,"246","18",11.0857142857143,"0","0",53.1466275659824,55.7813504823151,"0","0","0",0
2000,7100,48,192962,29.7883211678832,8.66058394160584,10.5,16.0182481751825,6.06204379562044,"233","379",11.0857142857143,"0","0",21,21,"0","0","1",0
500,6300,36,62276,29.7883211678832,8.66058394160584,10.5,16.0182481751825,6.06204379562044,"48","216",11.0857142857143,"0","0",53.1466275659824,55.7813504823151,"0","0","0",0
2000,6400,85,642451,29.7883211678832,8.66058394160584,10.5,16.0182481751825,6.06204379562044,"31","40",11.0857142857143,"0","0",57,57,"2","0","0",0
500,7700,42,267629,29.7883211678832,8.66058394160584,10.5,16.0182481751825,6.06204379562044,"41","57",11.0857142857143,"0","0",53.1466275659824,55.7813504823151,"0","0","0",0
500,7800,103,440417.6367713,22,7,5,15,5,"232","305",11.0857142857143,"0","0",19,19,"0","0","0",0
500,6987.22826086957,2,44363,1,0,0,1,0,"534","992",11.0857142857143,"0","0",8,8,"0","0","0",0
500,3800,12,91161,29.7883211678832,8.66058394160584,10.5,16.0182481751825,6.06204379562044,"9","12",12,"0","0",53.1466275659824,55.7813504823151,"0","0","0",0
500,8200,123,488430,29.7883211678832,8.66058394160584,10.5,16.0182481751825,6.06204379562044,"334","562",11.0857142857143,"0","0",53.1466275659824,55.7813504823151,"0","0","0",0
500,8200,116,272994,29.7883211678832,8.66058394160584,10.5,16.0182481751825,6.06204379562044,"141","224",8,"0","0",53.1466275659824,23,"0","0","0",0
3000,8200,105,624769,29.7883211678832,8.66058394160584,10.5,16.0182481751825,6.06204379562044,"35","367",11.0857142857143,"0","0",53.1466275659824,55.7813504823151,"2","0","1",0
500,7300,94,440417.6367713,29.7883211678832,8.66058394160584,10.5,16.0182481751825,6.06204379562044,"268","586",11.0857142857143,"0","0",53.1466275659824,55.7813504823151,"0","0","0",0
500,5000,33,26436,29.7883211678832,8.66058394160584,10.5,16.0182481751825,6.06204379562044,"214","349",11.0857142857143,"0","0",53.1466275659824,2,"0","0","0",0
500,5900,89,317271,29.7883211678832,8.66058394160584,10.5,16.0182481751825,6.06204379562044,"335","564",11.0857142857143,"0","0",53.1466275659824,55.7813504823151,"0","0","0",0
500,7200,12,119498,29.7883211678832,8.66058394160584,10.5,16.0182481751825,6.06204379562044,"127","202",21,"0","0",33,33,"0","0","0",0
2000,8400,87,916743,68,15,26,35,14,"51","563",11.0857142857143,"0","0",109,109,"0","0","0",0
500,5800,77,149470,29.7883211678832,8.66058394160584,10.5,16.0182481751825,6.06204379562044,"15","366",11.0857142857143,"0","0",53.1466275659824,55.7813504823151,"0","0","1",0
500,6400,53,16442,29.7883211678832,8.66058394160584,10.5,16.0182481751825,6.06204379562044,"97","151",8,"0","0",53.1466275659824,55.7813504823151,"0","0","0",0
500,5900,46,4221,29.7883211678832,8.66058394160584,10.5,16.0182481751825,6.06204379562044,"10","123",11.0857142857143,"0","0",53.1466275659824,55.7813504823151,"0","0","0",0
500,5500,53,396297,29.7883211678832,8.66058394160584,10.5,16.0182481751825,6.06204379562044,"126","200",11.0857142857143,"0","0",3,3,"0","0","0",0
500,8700,182,4741,29.7883211678832,8.66058394160584,10.5,16.0182481751825,6.06204379562044,"341","585",11.0857142857143,"0","0",53.1466275659824,55.7813504823151,"2","0","0",0
500,4200,19,631652,29.7883211678832,8.66058394160584,10.5,16.0182481751825,6.06204379562044,"100","156",11.0857142857143,"0","0",53.1466275659824,55.7813504823151,"0","0","0",0
500,5500,36,564834,29.7883211678832,8.66058394160584,10.5,16.0182481751825,6.06204379562044,"225","369",11.0857142857143,"0","0",9,55.7813504823151,"0","0","0",0
3000,9300,144,1650772,29.7883211678832,8.66058394160584,10.5,16.0182481751825,6.06204379562044,"223","364",11.0857142857143,"0","0",53.1466275659824,55.7813504823151,"2","0","1",0
500,7500,46,245463,29.7883211678832,8.66058394160584,10.5,16.0182481751825,6.06204379562044,"362","213",11.0857142857143,"0","0",34,34,"0","0","0",0
500,3500,8,91161,29.7883211678832,8.66058394160584,10.5,16.0182481751825,6.06204379562044,"9","12",11.0857142857143,"0","0",53.1466275659824,55.7813504823151,"0","0","0",0
2000,7500,65,1969756,80,8,42,24,5,"192","1117",11.0857142857143,"0","0",11,11,"0","0","1",2
500,5500,11,153980,29.7883211678832,8.66058394160584,10.5,16.0182481751825,6.06204379562044,"129","207",11.0857142857143,"0","0",7,7,"0","0","0",0
500,6200,16,164171,29.7883211678832,8.66058394160584,10.5,16.0182481751825,6.06204379562044,"114","187",11.0857142857143,"0","0",10,10,"0","0","0",0
500,6300,22,230598,29.7883211678832,8.66058394160584,10.5,16.0182481751825,6.06204379562044,"77","150",11.0857142857143,"0","0",42,42,"0","0","0",0
500,6000,37,23149,29.7883211678832,8.66058394160584,10.5,16.0182481751825,6.06204379562044,"48","66",11.0857142857143,"0","0",53.1466275659824,55.7813504823151,"0","0","0",0
500,6900,96,549715,29.7883211678832,8.66058394160584,10.5,16.0182481751825,6.06204379562044,"208","340",11.0857142857143,"0","0",53.1466275659824,55.7813504823151,"0","0","0",0
500,8000,33,691706,29.7883211678832,8.66058394160584,10.5,16.0182481751825,6.06204379562044,"4","6",11.0857142857143,"0","0",53.1466275659824,55.7813504823151,"0","0","0",0
500,5500,40,51652,29.7883211678832,8.66058394160584,10.5,16.0182481751825,6.06204379562044,"167","263",16,"0","0",4,4,"0","0","0",0
500,6987.22826086957,2,131448,29.7883211678832,8.66058394160584,10.5,16.0182481751825,6.06204379562044,"6","10",11.0857142857143,"0","0",53.1466275659824,55.7813504823151,"0","0","0",0
500,5000,52,49935,29.7883211678832,8.66058394160584,10.5,16.0182481751825,6.06204379562044,"9","287",12,"0","0",53.1466275659824,8,"0","0","0",0
500,6987.22826086957,62.2247644683715,194305,3,1,1,2,1,"6","17",11.0857142857143,"0","0",2,2,"0","0","0",0
500,5800,69,57822,29.7883211678832,8.66058394160584,10.5,16.0182481751825,6.06204379562044,"251","708",11.0857142857143,"0","0",53.1466275659824,55.7813504823151,"0","0","0",0
5000,8600,107,4365238,155,57,31,68,39,"8","11",11.0857142857143,"0","0",53.1466275659824,55.7813504823151,"0","0","1",0
2000,8900,129,1201564,29.7883211678832,8.66058394160584,10.5,16.0182481751825,6.06204379562044,"85","308",11.0857142857143,"0","0",53.1466275659824,55.7813504823151,"2","0","0",0
500,5900,59,95291,29.7883211678832,8.66058394160584,10.5,16.0182481751825,6.06204379562044,"48","66",11.0857142857143,"0","0",41,41,"0","0","0",0
500,6500,38,2048,3,3,2,0,0,"468","1214",11.0857142857143,"0","0",7,55.7813504823151,"0","0","1",0
2000,4400,51,367328,29.7883211678832,8.66058394160584,10.5,16.0182481751825,6.06204379562044,"198","714",11.0857142857143,"0","0",53.1466275659824,55.7813504823151,"0","0","0",0
3000,8900,102,1529105,121,43,37,61,27,"114","206",11.0857142857143,"0","0",53.1466275659824,15,"2","0","1",0
500,6000,19,97941,29.7883211678832,8.66058394160584,10.5,16.0182481751825,6.06204379562044,"27","453",11.0857142857143,"0","0",53.1466275659824,55.7813504823151,"0","0","0",0
500,8400,38,359080,48,9,19,32,8,"30","51",11.0857142857143,"0","0",53.1466275659824,55.7813504823151,"0","0","0",0
2000,7400,40,788296,29.7883211678832,8.66058394160584,10.5,16.0182481751825,6.06204379562044,"32","49",11.0857142857143,"0","0",30,30,"2","0","0",0
5000,8800,149,483316,29.7883211678832,8.66058394160584,10.5,16.0182481751825,6.06204379562044,"207","337",11.0857142857143,"0","0",53.1466275659824,55.7813504823151,"2","0","1",0
2000,7600,55,440417.6367713,33,7,13,11,3,"578","1072",11.0857142857143,"0","0",53.1466275659824,55.7813504823151,"0","0","0",0
500,7600,62,720532,29.7883211678832,8.66058394160584,10.5,16.0182481751825,6.06204379562044,"10","19",11.0857142857143,"0","0",34,34,"0","0","0",0
500,6100,92,20071,5,3,0,3,1,"389","661",11.0857142857143,"0","0",53.1466275659824,55.7813504823151,"0","0","0",0
500,6000,56,193041,29.7883211678832,8.66058394160584,10.5,16.0182481751825,6.06204379562044,"257","411",11.0857142857143,"0","0",53.1466275659824,55.7813504823151,"0","0","0",0
500,4400,11,89480,29.7883211678832,8.66058394160584,10.5,16.0182481751825,6.06204379562044,"166","262",11.0857142857143,"0","0",20,20,"0","0","0",0
500,5400,67,43805,29.7883211678832,8.66058394160584,10.5,16.0182481751825,6.06204379562044,"209","342",11.0857142857143,"0","0",6,6,"0","0","0",0
500,5200,45,462746,29.7883211678832,8.66058394160584,10.5,16.0182481751825,6.06204379562044,"176","370",11.0857142857143,"0","0",53.1466275659824,2,"0","0","0",0
500,8200,80,280808,29.7883211678832,8.66058394160584,10.5,16.0182481751825,6.06204379562044,"106","267",11.0857142857143,"0","0",53.1466275659824,55.7813504823151,"0","0","1",0
500,8200,112,447992,29.7883211678832,8.66058394160584,10.5,16.0182481751825,6.06204379562044,"40","56",11.0857142857143,"0","0",53.1466275659824,55.7813504823151,"0","0","0",0
500,6600,72,245264,29.7883211678832,8.66058394160584,10.5,16.0182481751825,6.06204379562044,"105","454",11.0857142857143,"0","0",161,55.7813504823151,"0","0","0",0
500,6900,91,94125,29.7883211678832,8.66058394160584,10.5,16.0182481751825,6.06204379562044,"218","356",11.0857142857143,"0","0",53.1466275659824,55.7813504823151,"0","0","0",0
500,7500,69,557725,29.7883211678832,8.66058394160584,10.5,16.0182481751825,6.06204379562044,"41","57",11.0857142857143,"0","0",53.1466275659824,55.7813504823151,"0","0","1",0
3000,8000,87,1168518,29.7883211678832,8.66058394160584,10.5,16.0182481751825,6.06204379562044,"114","206",11.0857142857143,"0","0",53.1466275659824,55.7813504823151,"2","0","1",0
3000,7900,118,457014,62,22,21,27,14,"207","337",11.0857142857143,"0","0",2,2,"0","0","1",0
2000,7200,95,664806,29.7883211678832,8.66058394160584,10.5,16.0182481751825,6.06204379562044,"232","378",11.0857142857143,"0","0",53.1466275659824,55.7813504823151,"0","0","1",0
3000,8600,77,1348716,29.7883211678832,8.66058394160584,10.5,16.0182481751825,6.06204379562044,"165","566",11.0857142857143,"0","0",6,55.7813504823151,"0","0","1",1
500,5500,88,2477,29.7883211678832,8.66058394160584,10.5,16.0182481751825,6.06204379562044,"122","195",11.0857142857143,"0","0",53.1466275659824,55.7813504823151,"0","0","0",0
500,7600,76,101055,29.7883211678832,8.66058394160584,10.5,16.0182481751825,6.06204379562044,"171","270",2,"0","0",53.1466275659824,55.7813504823151,"0","0","0",0
2000,8300,111,931417,107,20,48,41,7,"89","139",11.0857142857143,"0","0",1039,1039,"2","0","1",0
500,7700,104,466603,29.7883211678832,8.66058394160584,10.5,16.0182481751825,6.06204379562044,"98","193",16,"0","0",53.1466275659824,55.7813504823151,"0","0","0",0
3000,9000,133,823479,29.7883211678832,8.66058394160584,10.5,16.0182481751825,6.06204379562044,"117","188",16,"0","0",53.1466275659824,4,"2","0","0",0
500,6600,46,670326,29.7883211678832,8.66058394160584,10.5,16.0182481751825,6.06204379562044,"107","264",11.0857142857143,"0","0",8,8,"0","0","0",0
2000,8500,115,467424,29.7883211678832,8.66058394160584,10.5,16.0182481751825,6.06204379562044,"29","38",11.0857142857143,"0","0",27,27,"0","0","0",0
6000,9200,137,1329383,29.7883211678832,8.66058394160584,10.5,16.0182481751825,6.06204379562044,"1","385",11.0857142857143,"0","0",53.1466275659824,55.7813504823151,"2","1","1",10
2000,9500,149,1005204,29.7883211678832,8.66058394160584,10.5,16.0182481751825,6.06204379562044,"133","214",11.0857142857143,"0","0",53.1466275659824,55.7813504823151,"2","0","0",0
2000,9100,61,518273,36,12,8,13,9,"73","279",11.0857142857143,"0","0",53.1466275659824,55.7813504823151,"0","0","0",0
500,6200,47,844248,29.7883211678832,8.66058394160584,10.5,16.0182481751825,6.06204379562044,"114","420",11.0857142857143,"0","0",53.1466275659824,55.7813504823151,"0","0","0",0
2000,8700,151,834327,29.7883211678832,8.66058394160584,10.5,16.0182481751825,6.06204379562044,"282","214",11.0857142857143,"0","0",53.1466275659824,5,"0","0","1",0
500,5300,28,30366,29.7883211678832,8.66058394160584,10.5,16.0182481751825,6.06204379562044,"115","184",11.0857142857143,"0","0",53.1466275659824,55.7813504823151,"0","0","0",0
500,7300,47,5650,29.7883211678832,8.66058394160584,10.5,16.0182481751825,6.06204379562044,"171","270",11.0857142857143,"0","0",53.1466275659824,55.7813504823151,"0","0","0",0
500,5900,18,283838,10,0,5,2,0,"578","1081",11.0857142857143,"0","0",198,198,"0","0","0",0
500,6100,56,193707,29.7883211678832,8.66058394160584,10.5,16.0182481751825,6.06204379562044,"139","135",11.0857142857143,"0","0",53.1466275659824,55.7813504823151,"0","0","0",0
2000,5600,43,440417.6367713,13,6,3,2,2,"408","715",11.0857142857143,"0","0",90,90,"2","0","1",0
500,5900,44,181085,29.7883211678832,8.66058394160584,10.5,16.0182481751825,6.06204379562044,"408","715",11.0857142857143,"0","0",41,41,"0","0","0",0
500,8200,71,739705,29.7883211678832,8.66058394160584,10.5,16.0182481751825,6.06204379562044,"180","285",11.0857142857143,"0","0",53.1466275659824,55.7813504823151,"0","0","0",0
500,7400,91,65599,29.7883211678832,8.66058394160584,10.5,16.0182481751825,6.06204379562044,"3","3",11.0857142857143,"0","0",53.1466275659824,55.7813504823151,"0","0","0",0
500,7300,33,304225,29.7883211678832,8.66058394160584,10.5,16.0182481751825,6.06204379562044,"4","204",11.0857142857143,"0","0",24,24,"0","0","0",0
500,6800,76,440417.6367713,29.7883211678832,8.66058394160584,10.5,16.0182481751825,6.06204379562044,"222","362",16,"0","0",53.1466275659824,55.7813504823151,"0","0","0",0
2000,7000,120,316575,29.7883211678832,8.66058394160584,10.5,16.0182481751825,6.06204379562044,"400","80",11.0857142857143,"0","0",4,4,"0","0","0",0
2000,8500,86,10057,25,12,6,17,9,"32","38",11.0857142857143,"0","0",61,61,"0","0","0",0
500,5600,16,32760,29.7883211678832,8.66058394160584,10.5,16.0182481751825,6.06204379562044,"231","377",11.0857142857143,"0","0",6,5,"0","0","0",0
2000,8700,92,1516735,54,20,22,29,10,"28","40",11.0857142857143,"0","0",53.1466275659824,55.7813504823151,"2","0","0",0
500,4200,6,128209,29.7883211678832,8.66058394160584,10.5,16.0182481751825,6.06204379562044,"6","382",11.0857142857143,"0","0",53.1466275659824,55.7813504823151,"0","0","0",0
500,8200,82,62984,29.7883211678832,8.66058394160584,10.5,16.0182481751825,6.06204379562044,"57","89",11.0857142857143,"0","0",53.1466275659824,55.7813504823151,"2","0","0",0
2000,9300,80,440417.6367713,19,11,4,6,4,"165","259",11.0857142857143,"0","0",13,55.7813504823151,"0","0","0",0
500,6987.22826086957,1,86725,5,3,0,3,2,"6","1229",11.0857142857143,"0","0",53.1466275659824,55.7813504823151,"0","0","0",0
500,7900,81,1106,29.7883211678832,8.66058394160584,10.5,16.0182481751825,6.06204379562044,"108","175",16,"0","0",19,19,"0","0","0",0
500,6200,99,303842,29.7883211678832,8.66058394160584,10.5,16.0182481751825,6.06204379562044,"345","583",11.0857142857143,"0","0",53.1466275659824,55.7813504823151,"0","0","0",0
500,5600,21,384334,29.7883211678832,8.66058394160584,10.5,16.0182481751825,6.06204379562044,"176","277",11.0857142857143,"0","0",53.1466275659824,4,"0","0","0",0
3000,8100,145,1003761,29.7883211678832,8.66058394160584,10.5,16.0182481751825,6.06204379562044,"57","86",16,"0","0",6,6,"2","0","1",0
500,7400,49,589158,29.7883211678832,8.66058394160584,10.5,16.0182481751825,6.06204379562044,"38","408",11.0857142857143,"0","0",53.1466275659824,55.7813504823151,"0","0","0",0
500,8000,98,27136,29.7883211678832,8.66058394160584,10.5,16.0182481751825,6.06204379562044,"16","429",11.0857142857143,"0","0",8,8,"0","0","1",0
2000,8500,39,2006285,29.7883211678832,8.66058394160584,10.5,16.0182481751825,6.06204379562044,"118","188",11.0857142857143,"0","0",53.1466275659824,2,"0","0","0",0
500,5200,3,72774,2,1,0,2,1,"392","675",11.0857142857143,"0","0",18,55.7813504823151,"0","0","0",0
500,7900,91,669770,31,23,8,21,18,"362","30",11.0857142857143,"0","0",53.1466275659824,55.7813504823151,"2","0","1",0
500,5900,66,1361,20,2,9,2,1,"16","302",11.0857142857143,"0","0",53.1466275659824,55.7813504823151,"0","0","0",0
500,7400,39,428610,7,0,1,4,0,"430","764",11.0857142857143,"0","0",53.1466275659824,55.7813504823151,"0","0","0",0
2000,7600,119,478691,29.7883211678832,8.66058394160584,10.5,16.0182481751825,6.06204379562044,"378","641",11.0857142857143,"0","0",53.1466275659824,55.7813504823151,"0","0","0",0
3000,8200,108,975913,29.7883211678832,8.66058394160584,10.5,16.0182481751825,6.06204379562044,"109","176",12,"0","0",53.1466275659824,55.7813504823151,"2","0","0",0
2000,8100,59,438753,29.7883211678832,8.66058394160584,10.5,16.0182481751825,6.06204379562044,"56","331",16,"0","0",62,62,"0","0","0",0
2000,7800,106,442044,29.7883211678832,8.66058394160584,10.5,16.0182481751825,6.06204379562044,"135","320",11.0857142857143,"0","0",8,55.7813504823151,"0","0","0",0
500,6500,13,440417.6367713,29.7883211678832,8.66058394160584,10.5,16.0182481751825,6.06204379562044,"30","391",11.0857142857143,"0","0",32,32,"0","0","0",0
2000,7000,92,517764,29.7883211678832,8.66058394160584,10.5,16.0182481751825,6.06204379562044,"193","303",16,"0","0",53.1466275659824,55.7813504823151,"0","0","0",0
6000,8200,79,5417231,134,11,79,28,5,"73","1116",11.0857142857143,"0","0",9,9,"0","0","0",0
500,6900,8,439801,29.7883211678832,8.66058394160584,10.5,16.0182481751825,6.06204379562044,"46","352",11.0857142857143,"0","0",53.1466275659824,55.7813504823151,"0","0","0",0
2000,8100,135,380699,29.7883211678832,8.66058394160584,10.5,16.0182481751825,6.06204379562044,"206","550",11.0857142857143,"0","0",53.1466275659824,3,"0","0","0",0
500,8000,70,30069,29.7883211678832,8.66058394160584,10.5,16.0182481751825,6.06204379562044,"279","567",11.0857142857143,"0","0",53.1466275659824,55.7813504823151,"0","0","0",0
500,6300,37,1007988,29.7883211678832,8.66058394160584,10.5,16.0182481751825,6.06204379562044,"77","150",11.0857142857143,"0","0",53.1466275659824,55.7813504823151,"0","0","0",0
500,8500,77,503093,29.7883211678832,8.66058394160584,10.5,16.0182481751825,6.06204379562044,"168","398",11.0857142857143,"0","0",16,16,"0","0","0",0
500,7600,27,370537,29.7883211678832,8.66058394160584,10.5,16.0182481751825,6.06204379562044,"227","371",11.0857142857143,"0","0",7,7,"0","0","0",0
8000,8500,125,2408730,29.7883211678832,8.66058394160584,10.5,16.0182481751825,6.06204379562044,"8","11",18,"0","0",53.1466275659824,55.7813504823151,"2","0","1",0
2000,6400,76,440417.6367713,10,5,5,5,5,"20","1058",11.0857142857143,"0","0",53.1466275659824,55.7813504823151,"0","0","0",0
500,6700,67,335300,29.7883211678832,8.66058394160584,10.5,16.0182481751825,6.06204379562044,"8","402",11.0857142857143,"0","0",53.1466275659824,55.7813504823151,"0","0","0",0
500,7900,58,440417.6367713,29.7883211678832,8.66058394160584,10.5,16.0182481751825,6.06204379562044,"32","198",8,"0","0",52,52,"0","0","0",0
500,6500,51,16442,29.7883211678832,8.66058394160584,10.5,16.0182481751825,6.06204379562044,"97","151",11.0857142857143,"0","0",53.1466275659824,55.7813504823151,"0","0","0",0
2000,6800,95,440417.6367713,29.7883211678832,8.66058394160584,10.5,16.0182481751825,6.06204379562044,"33","42",11.0857142857143,"0","0",53.1466275659824,55.7813504823151,"0","0","0",0
2000,7200,35,924460,29.7883211678832,8.66058394160584,10.5,16.0182481751825,6.06204379562044,"31","40",11.0857142857143,"0","0",75,75,"2","0","0",0
2000,5100,50,25777,29.7883211678832,8.66058394160584,10.5,16.0182481751825,6.06204379562044,"123","197",11.0857142857143,"0","0",30,55.7813504823151,"0","0","0",0
500,4500,60,561128,29.7883211678832,8.66058394160584,10.5,16.0182481751825,6.06204379562044,"220","359",11.0857142857143,"0","0",53.1466275659824,55.7813504823151,"0","0","0",0
500,5800,72,118199,50,8,17,34,4,"208","965",11.0857142857143,"0","0",53.1466275659824,55.7813504823151,"0","0","1",0
500,7000,67,70234,29.7883211678832,8.66058394160584,10.5,16.0182481751825,6.06204379562044,"51","497",11.0857142857143,"0","0",42,42,"0","0","0",0
2000,5600,99,635484,29.7883211678832,8.66058394160584,10.5,16.0182481751825,6.06204379562044,"156","245",4,"0","0",53.1466275659824,55.7813504823151,"0","0","0",0
500,4700,11,98168,0,0,0,0,0,"140","222",11.0857142857143,"0","0",53.1466275659824,55.7813504823151,"0","0","0",0
500,7900,65,48840,29.7883211678832,8.66058394160584,10.5,16.0182481751825,6.06204379562044,"150","236",11.0857142857143,"0","0",53.1466275659824,55.7813504823151,"0","0","0",0
5000,9200,132,725087,29.7883211678832,8.66058394160584,10.5,16.0182481751825,6.06204379562044,"55","81",11.0857142857143,"0","0",405,405,"2","0","1",0
500,4900,51,440417.6367713,40,6,15,13,1,"580","1075",11.0857142857143,"0","0",53.1466275659824,55.7813504823151,"0","0","0",0
2000,8300,76,1238684,29.7883211678832,8.66058394160584,10.5,16.0182481751825,6.06204379562044,"30","39",11.0857142857143,"0","0",32,32,"0","0","0",0
2000,7600,45,820707,29.7883211678832,8.66058394160584,10.5,16.0182481751825,6.06204379562044,"31","40",11.0857142857143,"0","0",53.1466275659824,55.7813504823151,"0","0","0",0
500,5900,58,7701,29.7883211678832,8.66058394160584,10.5,16.0182481751825,6.06204379562044,"414","729",11.0857142857143,"0","0",53.1466275659824,55.7813504823151,"0","0","0",0
500,6700,33,779723,29.7883211678832,8.66058394160584,10.5,16.0182481751825,6.06204379562044,"5","5",11.0857142857143,"0","0",90,90,"0","0","0",0
500,7500,125,518565,29.7883211678832,8.66058394160584,10.5,16.0182481751825,6.06204379562044,"11","20",11.0857142857143,"0","0",53.1466275659824,55.7813504823151,"0","0","0",0
500,6400,70,11971,29.7883211678832,8.66058394160584,10.5,16.0182481751825,6.06204379562044,"32","350",11.0857142857143,"0","0",43,43,"0","0","0",0
2000,8500,111,326799,55,23,11,43,21,"23","733",11.0857142857143,"0","0",36,36,"0","0","1",0
500,6900,59,598947,29.7883211678832,8.66058394160584,10.5,16.0182481751825,6.06204379562044,"155","244",11.0857142857143,"0","0",5,55.7813504823151,"0","0","0",0
500,7200,64,151404,29.7883211678832,8.66058394160584,10.5,16.0182481751825,6.06204379562044,"20","346",11.0857142857143,"0","0",8,8,"0","0","0",0
500,7500,82,367178,26,9,10,15,5,"607","1127",11.0857142857143,"0","0",30,30,"0","0","0",0
2000,8000,92,664717,29.7883211678832,8.66058394160584,10.5,16.0182481751825,6.06204379562044,"51","179",11.0857142857143,"0","0",67,67,"0","0","0",0
500,6400,60,67691,29.7883211678832,8.66058394160584,10.5,16.0182481751825,6.06204379562044,"393","676",11.0857142857143,"0","0",53.1466275659824,55.7813504823151,"0","0","0",0
500,7700,49,910668,29.7883211678832,8.66058394160584,10.5,16.0182481751825,6.06204379562044,"51","179",11.0857142857143,"0","0",63,63,"2","0","1",0
500,3700,7,128209,29.7883211678832,8.66058394160584,10.5,16.0182481751825,6.06204379562044,"194","382",11.0857142857143,"0","0",53.1466275659824,55.7813504823151,"0","0","0",0
500,7100,34,440417.6367713,29.7883211678832,8.66058394160584,10.5,16.0182481751825,6.06204379562044,"180","285",11.0857142857143,"0","0",53.1466275659824,55.7813504823151,"0","0","0",0
3000,8200,66,18034,29.7883211678832,8.66058394160584,10.5,16.0182481751825,6.06204379562044,"32","48",11.0857142857143,"0","0",621,621,"0","0","0",0
500,4600,60,631652,29.7883211678832,8.66058394160584,10.5,16.0182481751825,6.06204379562044,"100","156",11.0857142857143,"0","0",53.1466275659824,55.7813504823151,"2","0","0",0
500,7900,36,483256,29.7883211678832,8.66058394160584,10.5,16.0182481751825,6.06204379562044,"30","51",11.0857142857143,"0","0",53.1466275659824,55.7813504823151,"0","0","0",0
500,7500,60,242444,6,0,2,1,0,"38","664",11.0857142857143,"0","0",53.1466275659824,55.7813504823151,"0","0","0",0
500,6700,104,335300,29.7883211678832,8.66058394160584,10.5,16.0182481751825,6.06204379562044,"8","402",11.0857142857143,"0","0",53.1466275659824,55.7813504823151,"2","0","1",0
500,5800,59,7701,29.7883211678832,8.66058394160584,10.5,16.0182481751825,6.06204379562044,"414","729",11.0857142857143,"0","0",53.1466275659824,55.7813504823151,"0","0","0",0
500,7800,68,910668,29.7883211678832,8.66058394160584,10.5,16.0182481751825,6.06204379562044,"51","179",11.0857142857143,"0","0",64,64,"0","0","0",0
2000,8000,89,860321,29.7883211678832,8.66058394160584,10.5,16.0182481751825,6.06204379562044,"16","108",11.0857142857143,"0","0",41,41,"2","0","1",0
500,8700,85,28164,29.7883211678832,8.66058394160584,10.5,16.0182481751825,6.06204379562044,"276","450",11.0857142857143,"0","0",33,55.7813504823151,"2","0","0",0
2000,7800,138,373658,29.7883211678832,8.66058394160584,10.5,16.0182481751825,6.06204379562044,"2","2",8,"0","0",53.1466275659824,55.7813504823151,"0","0","1",0
2000,7400,72,622980,29.7883211678832,8.66058394160584,10.5,16.0182481751825,6.06204379562044,"128","205",11.0857142857143,"0","0",2,55.7813504823151,"2","0","0",0
500,5900,8,934,29.7883211678832,8.66058394160584,10.5,16.0182481751825,6.06204379562044,"467","864",11.0857142857143,"0","0",44,44,"0","0","0",0
3000,4700,11,224077,88,8,63,7,1,"357","1166",11.0857142857143,"0","0",53.1466275659824,55.7813504823151,"0","0","0",0
500,7900,118,1073298,29.7883211678832,8.66058394160584,10.5,16.0182481751825,6.06204379562044,"116","185",11.0857142857143,"0","0",53.1466275659824,55.7813504823151,"0","0","0",0
3000,8600,115,1348716,29.7883211678832,8.66058394160584,10.5,16.0182481751825,6.06204379562044,"165","566",11.0857142857143,"0","0",6,55.7813504823151,"0","0","1",1
500,5300,39,73152,29.7883211678832,8.66058394160584,10.5,16.0182481751825,6.06204379562044,"48","67",11.0857142857143,"0","0",400,400,"0","0","0",0
3000,9500,166,1784743,29.7883211678832,8.66058394160584,10.5,16.0182481751825,6.06204379562044,"165","259",11.0857142857143,"0","0",11,55.7813504823151,"0","0","1",0
500,6100,12,166048,29.7883211678832,8.66058394160584,10.5,16.0182481751825,6.06204379562044,"255","409",11.0857142857143,"0","0",53.1466275659824,55.7813504823151,"0","0","0",0
500,6500,3,194305,5,1,2,2,1,"6","17",11.0857142857143,"0","0",2,2,"0","0","0",0
500,6600,100,388256,29.7883211678832,8.66058394160584,10.5,16.0182481751825,6.06204379562044,"16","437",11.0857142857143,"0","0",53.1466275659824,55.7813504823151,"0","0","0",0
500,4400,84,108948,29.7883211678832,8.66058394160584,10.5,16.0182481751825,6.06204379562044,"251","672",11.0857142857143,"0","0",16,55.7813504823151,"0","0","0",0
500,6600,47,440417.6367713,29.7883211678832,8.66058394160584,10.5,16.0182481751825,6.06204379562044,"131","492",11.0857142857143,"0","0",4,5,"0","0","0",0
3000,8800,104,1247336,29.7883211678832,8.66058394160584,10.5,16.0182481751825,6.06204379562044,"35","367",11.0857142857143,"0","0",53.1466275659824,55.7813504823151,"2","0","1",0
500,7000,87,37215,29.7883211678832,8.66058394160584,10.5,16.0182481751825,6.06204379562044,"278","460",11.0857142857143,"0","0",53.1466275659824,55.7813504823151,"0","0","0",0
2000,7900,62,940341,34,10,8,20,8,"38","763",11.0857142857143,"0","0",167,167,"0","0","1",0
500,8100,67,40535,29.7883211678832,8.66058394160584,10.5,16.0182481751825,6.06204379562044,"34","47",11.0857142857143,"0","0",53.1466275659824,55.7813504823151,"0","0","0",0
2000,6100,79,631407,29.7883211678832,8.66058394160584,10.5,16.0182481751825,6.06204379562044,"100","156",11.0857142857143,"0","0",53.1466275659824,55.7813504823151,"2","0","0",0
2000,9000,185,744808,29.7883211678832,8.66058394160584,10.5,16.0182481751825,6.06204379562044,"274","444",11.0857142857143,"0","0",53.1466275659824,55.7813504823151,"2","0","1",0
2000,8100,55,1503860,29.7883211678832,8.66058394160584,10.5,16.0182481751825,6.06204379562044,"30","39",11.0857142857143,"0","0",32,32,"0","0","0",0
500,5400,36,37394,29.7883211678832,8.66058394160584,10.5,16.0182481751825,6.06204379562044,"48","312",11.0857142857143,"0","0",79,79,"0","0","0",0
5000,8800,126,649910,29.7883211678832,8.66058394160584,10.5,16.0182481751825,6.06204379562044,"153","410",8,"0","0",4,4,"0","0","0",0
2000,5900,30,220062,29.7883211678832,8.66058394160584,10.5,16.0182481751825,6.06204379562044,"30","266",11.0857142857143,"0","0",53.1466275659824,55.7813504823151,"0","0","0",0
500,4800,11,75453,29.7883211678832,8.66058394160584,10.5,16.0182481751825,6.06204379562044,"362","618",11.0857142857143,"0","0",53.1466275659824,55.7813504823151,"0","0","0",0
3000,6700,117,440417.6367713,29.7883211678832,8.66058394160584,10.5,16.0182481751825,6.06204379562044,"33","42",11.0857142857143,"0","0",53.1466275659824,55.7813504823151,"2","0","0",0
2000,7500,58,360652,8,2,2,4,2,"107","264",11.0857142857143,"0","0",53.1466275659824,55.7813504823151,"0","0","0",1
8000,9400,142,2363963,29.7883211678832,8.66058394160584,10.5,16.0182481751825,6.06204379562044,"75","646",11.0857142857143,"2","0",53.1466275659824,55.7813504823151,"2","1","1",0
500,6500,54,94125,29.7883211678832,8.66058394160584,10.5,16.0182481751825,6.06204379562044,"218","356",11.0857142857143,"0","0",53.1466275659824,55.7813504823151,"0","0","0",0
500,7400,46,228284,29.7883211678832,8.66058394160584,10.5,16.0182481751825,6.06204379562044,"226","8",11.0857142857143,"0","0",40,40,"0","0","0",0
500,4900,59,12871,29.7883211678832,8.66058394160584,10.5,16.0182481751825,6.06204379562044,"279","456",11.0857142857143,"0","0",53.1466275659824,55.7813504823151,"0","0","0",0
500,5400,91,214370,29.7883211678832,8.66058394160584,10.5,16.0182481751825,6.06204379562044,"161","254",11.0857142857143,"0","0",2,55.7813504823151,"0","0","0",0
500,3500,5,22501,29.7883211678832,8.66058394160584,10.5,16.0182481751825,6.06204379562044,"6","386",11.0857142857143,"0","0",53.1466275659824,55.7813504823151,"0","0","0",0
2000,8200,89,397585,29.7883211678832,8.66058394160584,10.5,16.0182481751825,6.06204379562044,"39","55",11.0857142857143,"0","0",53.1466275659824,55.7813504823151,"0","0","0",0
500,7900,97,352519,29.7883211678832,8.66058394160584,10.5,16.0182481751825,6.06204379562044,"57","541",11.0857142857143,"0","0",53.1466275659824,55.7813504823151,"2","0","0",0
500,5900,44,373752,42,1,23,22,0,"16","1350",11.0857142857143,"0","0",53.1466275659824,55.7813504823151,"0","0","0",0
500,8600,84,114820,29.7883211678832,8.66058394160584,10.5,16.0182481751825,6.06204379562044,"142","374",12,"0","0",43,43,"2","0","0",0
500,6100,92,305595,26,9,12,22,8,"39","252",11.0857142857143,"0","0",53.1466275659824,55.7813504823151,"0","0","0",0
500,6100,5,227165,13,1,8,2,0,"9","382",11.0857142857143,"0","0",53.1466275659824,55.7813504823151,"0","0","0",0
2000,8300,77,1503860,29.7883211678832,8.66058394160584,10.5,16.0182481751825,6.06204379562044,"30","39",11.0857142857143,"0","0",32,32,"0","0","0",0
500,6400,100,440417.6367713,29.7883211678832,8.66058394160584,10.5,16.0182481751825,6.06204379562044,"299","496",11.0857142857143,"0","0",53.1466275659824,55.7813504823151,"0","0","0",0
3000,9000,136,2180621,29.7883211678832,8.66058394160584,10.5,16.0182481751825,6.06204379562044,"154","243",16,"0","0",53.1466275659824,55.7813504823151,"0","0","1",0
2000,7900,106,538747,29.7883211678832,8.66058394160584,10.5,16.0182481751825,6.06204379562044,"35","448",11.0857142857143,"0","0",53.1466275659824,55.7813504823151,"2","0","0",0
3000,9100,80,262738,15,3,4,7,2,"23","32",11.0857142857143,"0","0",35,35,"0","0","0",0
500,8200,87,1815872,29.7883211678832,8.66058394160584,10.5,16.0182481751825,6.06204379562044,"78","128",11.0857142857143,"0","0",98,98,"2","0","0",0
500,6800,50,598947,29.7883211678832,8.66058394160584,10.5,16.0182481751825,6.06204379562044,"155","244",11.0857142857143,"0","0",5,55.7813504823151,"0","0","0",0
500,7700,57,1153618,38,0,17,14,0,"10","860",11.0857142857143,"0","0",53.1466275659824,55.7813504823151,"0","0","0",0
500,7100,7,440417.6367713,1,1,0,1,1,"270","854",11.0857142857143,"0","0",34,55.7813504823151,"0","0","1",0
500,6900,52,25475,29.7883211678832,8.66058394160584,10.5,16.0182481751825,6.06204379562044,"88","158",11.0857142857143,"0","0",20,20,"0","0","0",0
500,5700,50,77366,29.7883211678832,8.66058394160584,10.5,16.0182481751825,6.06204379562044,"143","226",11.0857142857143,"0","0",34,34,"0","0","0",0
2000,8100,72,394304,29.7883211678832,8.66058394160584,10.5,16.0182481751825,6.06204379562044,"30","44",11.0857142857143,"0","0",53.1466275659824,55.7813504823151,"0","0","0",0
500,7600,57,135646,29.7883211678832,8.66058394160584,10.5,16.0182481751825,6.06204379562044,"179","282",11.0857142857143,"0","0",30,30,"0","0","0",0
2000,3500,6,47904,42,2,37,5,0,"391","1193",11.0857142857143,"0","0",53.1466275659824,55.7813504823151,"0","0","0",0
500,6000,7,440417.6367713,1,0,0,1,0,"46","677",11.0857142857143,"0","0",53.1466275659824,55.7813504823151,"0","0","0",0
500,8100,53,603869,29.7883211678832,8.66058394160584,10.5,16.0182481751825,6.06204379562044,"98","153",11.0857142857143,"0","2",53.1466275659824,55.7813504823151,"0","0","0",0
2000,6800,13,685970,48,2,30,5,0,"46","1134",11.0857142857143,"0","0",53.1466275659824,55.7813504823151,"0","0","0",0
2000,8800,141,873287,29.7883211678832,8.66058394160584,10.5,16.0182481751825,6.06204379562044,"20","87",8,"0","0",80,80,"2","0","0",0
500,7500,66,312,0,0,0,0,0,"96","891",11.0857142857143,"0","0",53.1466275659824,55.7813504823151,"0","0","0",0
500,5500,16,64356,2,0,0,2,0,"304","281",11.0857142857143,"0","0",12,12,"0","0","0",0
2000,7500,59,440417.6367713,23,7,7,6,2,"264","422",11.0857142857143,"0","0",42,42,"2","0","0",0
500,4000,18,114640,29.7883211678832,8.66058394160584,10.5,16.0182481751825,6.06204379562044,"162","256",11.0857142857143,"0","0",9,9,"0","0","0",0
500,6000,18,299523,29.7883211678832,8.66058394160584,10.5,16.0182481751825,6.06204379562044,"114","196",11.0857142857143,"0","0",53.1466275659824,4,"0","0","0",0
2000,7900,81,123327,29.7883211678832,8.66058394160584,10.5,16.0182481751825,6.06204379562044,"34","43",11.0857142857143,"0","0",53.1466275659824,7,"2","0","0",0
500,7800,70,381,29.7883211678832,8.66058394160584,10.5,16.0182481751825,6.06204379562044,"267","428",11.0857142857143,"0","0",53.1466275659824,55.7813504823151,"0","0","0",0
500,5900,94,317271,6,2,2,4,2,"335","564",11.0857142857143,"0","0",53.1466275659824,55.7813504823151,"0","0","0",0
5000,9300,156,922361,29.7883211678832,8.66058394160584,10.5,16.0182481751825,6.06204379562044,"1","1",11.0857142857143,"0","0",20,55.7813504823151,"0","1","1",4
500,5100,30,308925,29.7883211678832,8.66058394160584,10.5,16.0182481751825,6.06204379562044,"132","212",11.0857142857143,"0","0",53.1466275659824,55.7813504823151,"0","0","0",0
500,5300,4,440417.6367713,0,0,0,0,0,"9","890",11.0857142857143,"0","0",53.1466275659824,55.7813504823151,"0","0","0",0
500,5000,8,180029,29.7883211678832,8.66058394160584,10.5,16.0182481751825,6.06204379562044,"9","481",11.0857142857143,"0","0",53.1466275659824,55.7813504823151,"0","0","0",0
500,5400,83,540020,29.7883211678832,8.66058394160584,10.5,16.0182481751825,6.06204379562044,"14","20",11.0857142857143,"0","0",3,55.7813504823151,"0","0","0",0
500,7500,49,440417.6367713,1,1,0,0,0,"449","833",11.0857142857143,"0","0",53.1466275659824,55.7813504823151,"0","0","0",0
500,6400,34,19555,29.7883211678832,8.66058394160584,10.5,16.0182481751825,6.06204379562044,"97","151",11.0857142857143,"0","0",53.1466275659824,55.7813504823151,"0","0","0",0
500,7000,50,87643,29.7883211678832,8.66058394160584,10.5,16.0182481751825,6.06204379562044,"136","218",16,"0","0",53.1466275659824,55.7813504823151,"0","0","0",0
2000,4800,67,315645,46,1,36,7,1,"100","1122",11.0857142857143,"0","0",17,17,"0","0","0",0
3000,7500,61,257699,37,13,4,27,10,"38","79",11.0857142857143,"0","0",124,124,"0","0","0",0
500,6987.22826086957,2,440417.6367713,29.7883211678832,8.66058394160584,10.5,16.0182481751825,6.06204379562044,"194","760",11.0857142857143,"0","0",53.1466275659824,55.7813504823151,"0","0","0",0
10000,8300,49,411958,29.7883211678832,8.66058394160584,10.5,16.0182481751825,6.06204379562044,"4","6",11.0857142857143,"0","0",30,30,"2","0","0",0
500,5200,68,440417.6367713,29.7883211678832,8.66058394160584,10.5,16.0182481751825,6.06204379562044,"329","549",11.0857142857143,"0","0",53.1466275659824,55.7813504823151,"0","0","0",0
500,7600,39,440417.6367713,2,1,1,1,1,"454","841",11.0857142857143,"0","0",5,5,"0","0","1",0
500,7000,30,22522,29.7883211678832,8.66058394160584,10.5,16.0182481751825,6.06204379562044,"277","451",11.0857142857143,"0","0",53.1466275659824,55.7813504823151,"0","0","0",0
500,8600,56,114820,29.7883211678832,8.66058394160584,10.5,16.0182481751825,6.06204379562044,"142","374",11.0857142857143,"0","0",43,43,"2","0","0",0
5000,7000,61,513190,29.7883211678832,8.66058394160584,10.5,16.0182481751825,6.06204379562044,"10","123",11.0857142857143,"0","0",12,12,"0","0","0",0
3000,8100,49,18034,29.7883211678832,8.66058394160584,10.5,16.0182481751825,6.06204379562044,"32","48",11.0857142857143,"0","0",621,621,"2","0","0",0
500,8300,69,14306,8,4,3,2,2,"142","1010",11.0857142857143,"0","0",24,55.7813504823151,"0","0","0",0
500,5700,29,8895,29.7883211678832,8.66058394160584,10.5,16.0182481751825,6.06204379562044,"228","372",11.0857142857143,"0","0",53.1466275659824,55.7813504823151,"0","0","0",0
500,7700,119,241135,29.7883211678832,8.66058394160584,10.5,16.0182481751825,6.06204379562044,"136","218",12,"0","0",2,55.7813504823151,"0","0","0",0
500,8700,128,1749217,29.7883211678832,8.66058394160584,10.5,16.0182481751825,6.06204379562044,"79","129",11.0857142857143,"0","0",53.1466275659824,55.7813504823151,"2","0","1",0
2000,9200,80,922361,29.7883211678832,8.66058394160584,10.5,16.0182481751825,6.06204379562044,"1","1",11.0857142857143,"0","0",20,55.7813504823151,"2","1","1",3
500,6200,47,4315,29.7883211678832,8.66058394160584,10.5,16.0182481751825,6.06204379562044,"379","642",11.0857142857143,"0","0",40,40,"0","0","0",0
500,6000,5,152120,29.7883211678832,8.66058394160584,10.5,16.0182481751825,6.06204379562044,"406","174",11.0857142857143,"0","0",30,30,"0","0","0",0
500,6300,83,334974,29.7883211678832,8.66058394160584,10.5,16.0182481751825,6.06204379562044,"278","455",11.0857142857143,"0","0",2,55.7813504823151,"0","0","0",0
500,7500,27,6274,29.7883211678832,8.66058394160584,10.5,16.0182481751825,6.06204379562044,"34","47",11.0857142857143,"0","0",53.1466275659824,55.7813504823151,"0","0","0",0
2000,8100,111,670440,29.7883211678832,8.66058394160584,10.5,16.0182481751825,6.06204379562044,"411","725",11.0857142857143,"0","0",53.1466275659824,55.7813504823151,"2","0","0",0
500,7700,48,6274,29.7883211678832,8.66058394160584,10.5,16.0182481751825,6.06204379562044,"34","47",11.0857142857143,"0","0",53.1466275659824,55.7813504823151,"0","0","0",0
500,6200,59,746269,29.7883211678832,8.66058394160584,10.5,16.0182481751825,6.06204379562044,"8","18",11.0857142857143,"0","0",53.1466275659824,55.7813504823151,"0","0","1",0
2000,7100,94,123467,29.7883211678832,8.66058394160584,10.5,16.0182481751825,6.06204379562044,"97","152",11.0857142857143,"0","0",53.1466275659824,55.7813504823151,"0","0","0",0
500,7600,89,90686,33,10,17,19,7,"131","18",11.0857142857143,"0","0",4,55.7813504823151,"0","0","0",0
500,7600,71,4538,29.7883211678832,8.66058394160584,10.5,16.0182481751825,6.06204379562044,"385","655",11.0857142857143,"0","0",53.1466275659824,55.7813504823151,"0","0","0",0
3000,8200,77,242674,31,4,13,9,2,"32","48",11.0857142857143,"0","0",199,199,"0","0","0",0
2000,8300,101,673497,29.7883211678832,8.66058394160584,10.5,16.0182481751825,6.06204379562044,"114","274",11.0857142857143,"0","0",53.1466275659824,55.7813504823151,"0","0","0",0
500,5400,3,440417.6367713,29.7883211678832,8.66058394160584,10.5,16.0182481751825,6.06204379562044,"104","863",11.0857142857143,"0","0",9,9,"0","0","0",0
500,6100,38,391657,29.7883211678832,8.66058394160584,10.5,16.0182481751825,6.06204379562044,"237","388",11.0857142857143,"0","0",32,32,"0","0","0",0
500,5500,50,55958,29.7883211678832,8.66058394160584,10.5,16.0182481751825,6.06204379562044,"48","67",11.0857142857143,"0","0",26,26,"0","0","0",0
500,6200,93,341566,29.7883211678832,8.66058394160584,10.5,16.0182481751825,6.06204379562044,"227","305",11.0857142857143,"0","0",10,13,"0","0","0",0
5000,8100,73,883301,29.7883211678832,8.66058394160584,10.5,16.0182481751825,6.06204379562044,"75","413",11.0857142857143,"0","0",46,46,"2","1","0",0
500,7400,33,440417.6367713,4,3,2,1,0,"32","201",11.0857142857143,"0","0",325,325,"0","0","0",0
500,5700,42,181085,29.7883211678832,8.66058394160584,10.5,16.0182481751825,6.06204379562044,"408","715",11.0857142857143,"0","0",43,43,"0","0","0",0
2000,8900,110,674410,29.7883211678832,8.66058394160584,10.5,16.0182481751825,6.06204379562044,"55","81",8,"0","0",310,310,"2","0","0",0
2000,7600,39,513282,29.7883211678832,8.66058394160584,10.5,16.0182481751825,6.06204379562044,"32","49",11.0857142857143,"0","0",54,54,"2","0","0",0
500,6200,30,84124,29.7883211678832,8.66058394160584,10.5,16.0182481751825,6.06204379562044,"241","393",10,"0","0",53.1466275659824,55.7813504823151,"0","0","0",0
500,5900,39,440417.6367713,6,2,0,6,2,"499","926",11.0857142857143,"0","0",53.1466275659824,55.7813504823151,"0","0","0",0
500,7200,39,440417.6367713,29.7883211678832,8.66058394160584,10.5,16.0182481751825,6.06204379562044,"32","198",11.0857142857143,"0","0",114,114,"0","0","0",0
500,6900,65,440417.6367713,25,15,4,13,6,"15","22",11.0857142857143,"0","0",6,6,"0","0","0",0
500,6100,11,221857,29.7883211678832,8.66058394160584,10.5,16.0182481751825,6.06204379562044,"107","174",11.0857142857143,"0","0",18,18,"0","0","0",0
500,5900,54,9772,1,1,0,1,1,"143","895",11.0857142857143,"0","0",8,8,"0","0","0",0
8000,8600,137,4365238,204,73,39,83,46,"8","11",18,"0","0",53.1466275659824,55.7813504823151,"0","0","1",0
500,5400,22,440417.6367713,29.7883211678832,8.66058394160584,10.5,16.0182481751825,6.06204379562044,"365","621",11.0857142857143,"0","0",53.1466275659824,55.7813504823151,"0","0","0",0
2000,8300,72,304545,29.7883211678832,8.66058394160584,10.5,16.0182481751825,6.06204379562044,"31","286",11.0857142857143,"0","0",27,55.7813504823151,"0","0","0",0
2000,8500,103,169907,54,20,21,42,16,"424","754",11.0857142857143,"0","0",53.1466275659824,55.7813504823151,"2","0","1",0
500,8000,45,440417.6367713,29.7883211678832,8.66058394160584,10.5,16.0182481751825,6.06204379562044,"253","406",11.0857142857143,"0","0",12,12,"0","0","0",0
500,5200,7,86725,5,3,0,3,2,"6","1229",11.0857142857143,"0","0",53.1466275659824,55.7813504823151,"0","0","0",0
500,8400,10,440417.6367713,1,0,0,0,0,"70","1168",11.0857142857143,"0","0",53.1466275659824,55.7813504823151,"0","0","0",0
500,7000,8,327421,29.7883211678832,8.66058394160584,10.5,16.0182481751825,6.06204379562044,"50","69",11.0857142857143,"0","0",53.1466275659824,55.7813504823151,"0","0","0",0
500,5900,49,95291,29.7883211678832,8.66058394160584,10.5,16.0182481751825,6.06204379562044,"48","66",11.0857142857143,"0","0",41,41,"0","0","0",0
500,6400,73,398306,29.7883211678832,8.66058394160584,10.5,16.0182481751825,6.06204379562044,"159","250",11.0857142857143,"0","0",6,55.7813504823151,"0","0","1",0
500,6900,28,67486,29.7883211678832,8.66058394160584,10.5,16.0182481751825,6.06204379562044,"32","201",11.0857142857143,"0","0",329,329,"0","0","0",0
500,7500,26,440417.6367713,6,4,3,1,0,"32","201",11.0857142857143,"0","0",325,325,"0","0","0",0
500,4300,38,367328,29.7883211678832,8.66058394160584,10.5,16.0182481751825,6.06204379562044,"198","714",11.0857142857143,"0","0",53.1466275659824,55.7813504823151,"0","0","0",0
500,6600,49,84124,29.7883211678832,8.66058394160584,10.5,16.0182481751825,6.06204379562044,"241","393",10,"0","0",53.1466275659824,55.7813504823151,"0","0","0",0
500,5700,7,176797,3,0,0,3,0,"403","1234",11.0857142857143,"0","0",13,13,"0","0","0",0
500,3800,17,191088,29.7883211678832,8.66058394160584,10.5,16.0182481751825,6.06204379562044,"12","15",11.0857142857143,"0","0",53.1466275659824,55.7813504823151,"0","0","0",0
3000,8000,71,1164838,29.7883211678832,8.66058394160584,10.5,16.0182481751825,6.06204379562044,"33","44",11.0857142857143,"0","0",53,53,"0","0","0",0
500,8800,93,1834182,29.7883211678832,8.66058394160584,10.5,16.0182481751825,6.06204379562044,"73","279",11.0857142857143,"0","0",4,4,"0","0","1",0
2000,8800,34,28203,29.7883211678832,8.66058394160584,10.5,16.0182481751825,6.06204379562044,"32","52",7,"0","0",30,30,"0","0","0",0
500,6300,11,74602,29.7883211678832,8.66058394160584,10.5,16.0182481751825,6.06204379562044,"392","675",11.0857142857143,"0","0",10,55.7813504823151,"0","0","0",0
500,5800,59,440417.6367713,49,7,10,9,2,"579","1073",11.0857142857143,"0","0",53.1466275659824,55.7813504823151,"0","0","0",0
500,6300,5,22239,4,1,1,3,1,"6","681",11.0857142857143,"0","0",53.1466275659824,55.7813504823151,"0","0","0",0
500,5400,3,144712,2,0,0,2,0,"554","262",11.0857142857143,"0","0",53.1466275659824,55.7813504823151,"0","0","0",0
2000,8000,77,385852,29.7883211678832,8.66058394160584,10.5,16.0182481751825,6.06204379562044,"16","203",11.0857142857143,"0","0",26,26,"2","0","0",0
500,6400,43,232964,29.7883211678832,8.66058394160584,10.5,16.0182481751825,6.06204379562044,"139","221",11.0857142857143,"0","0",53.1466275659824,55.7813504823151,"0","0","0",0
3000,9100,143,582649,29.7883211678832,8.66058394160584,10.5,16.0182481751825,6.06204379562044,"336","565",11.0857142857143,"0","0",53.1466275659824,55.7813504823151,"2","1","1",0
500,7600,71,228284,29.7883211678832,8.66058394160584,10.5,16.0182481751825,6.06204379562044,"226","8",11.0857142857143,"0","0",19,19,"0","0","0",0
500,7200,66,148530,29.7883211678832,8.66058394160584,10.5,16.0182481751825,6.06204379562044,"39","635",11.0857142857143,"0","0",6,55.7813504823151,"0","0","0",0
5000,8400,136,1345876,29.7883211678832,8.66058394160584,10.5,16.0182481751825,6.06204379562044,"23","445",11.0857142857143,"0","0",10,10,"2","0","1",2
3000,7000,64,437694,29.7883211678832,8.66058394160584,10.5,16.0182481751825,6.06204379562044,"36","44",11.0857142857143,"0","0",25,25,"0","0","0",0
500,5500,10,152120,29.7883211678832,8.66058394160584,10.5,16.0182481751825,6.06204379562044,"406","174",11.0857142857143,"0","0",30,30,"0","0","0",0
500,5900,26,440417.6367713,29.7883211678832,8.66058394160584,10.5,16.0182481751825,6.06204379562044,"365","621",11.0857142857143,"0","0",53.1466275659824,55.7813504823151,"0","0","0",0
500,7800,58,25120,29.7883211678832,8.66058394160584,10.5,16.0182481751825,6.06204379562044,"125","199",11.0857142857143,"0","0",110,110,"0","0","0",0
5000,8700,74,222511,29.7883211678832,8.66058394160584,10.5,16.0182481751825,6.06204379562044,"32","48",11.0857142857143,"0","0",512,512,"2","0","0",0
500,6000,31,55669,37,15,12,19,10,"12","1362",11.0857142857143,"0","0",92,92,"0","0","0",0
2000,8400,93,1616915,29.7883211678832,8.66058394160584,10.5,16.0182481751825,6.06204379562044,"364","40",11.0857142857143,"0","0",72,72,"0","0","0",0
2000,7700,48,513282,29.7883211678832,8.66058394160584,10.5,16.0182481751825,6.06204379562044,"32","49",11.0857142857143,"0","0",54,54,"2","0","0",0
23000,9600,146,2479325,29.7883211678832,8.66058394160584,10.5,16.0182481751825,6.06204379562044,"221","361",11.0857142857143,"2","2",53.1466275659824,55.7813504823151,"2","0","1",2
500,8300,126,639700,29.7883211678832,8.66058394160584,10.5,16.0182481751825,6.06204379562044,"54","80",2,"0","0",53.1466275659824,55.7813504823151,"2","0","0",0
500,6100,86,440417.6367713,29.7883211678832,8.66058394160584,10.5,16.0182481751825,6.06204379562044,"51","70",11.0857142857143,"0","0",22,22,"0","0","0",0
500,7000,44,1014891,29.7883211678832,8.66058394160584,10.5,16.0182481751825,6.06204379562044,"33","284",11.0857142857143,"0","0",4,4,"0","0","0",0
500,6400,43,440417.6367713,1,1,0,1,1,"589","1089",11.0857142857143,"0","0",53.1466275659824,55.7813504823151,"0","0","0",0
500,7700,71,1153618,29.7883211678832,8.66058394160584,10.5,16.0182481751825,6.06204379562044,"10","860",11.0857142857143,"0","0",53.1466275659824,55.7813504823151,"0","0","0",0
3000,9000,96,1329383,29.7883211678832,8.66058394160584,10.5,16.0182481751825,6.06204379562044,"1","385",11.0857142857143,"0","0",53.1466275659824,55.7813504823151,"0","1","1",5
500,2800,51,233505,0,0,0,0,0,"252","447",11.0857142857143,"0","0",53.1466275659824,55.7813504823151,"0","0","0",0
500,4600,44,487737,29,1,13,11,1,"395","19",11.0857142857143,"0","0",53.1466275659824,55.7813504823151,"0","0","0",0
500,4800,5,37066,29.7883211678832,8.66058394160584,10.5,16.0182481751825,6.06204379562044,"6","10",11.0857142857143,"0","0",53.1466275659824,55.7813504823151,"0","0","0",0
500,6800,88,240488,29.7883211678832,8.66058394160584,10.5,16.0182481751825,6.06204379562044,"258","414",11.0857142857143,"0","0",53.1466275659824,55.7813504823151,"2","0","0",0
500,6500,93,62744,29.7883211678832,8.66058394160584,10.5,16.0182481751825,6.06204379562044,"113","181",16,"0","0",42,42,"0","0","0",0
500,7500,64,91439,10,3,2,5,3,"73","279",11.0857142857143,"0","0",53.1466275659824,55.7813504823151,"0","0","0",0
500,7800,87,2241,3,1,0,2,1,"487","900",11.0857142857143,"0","0",62,55.7813504823151,"0","0","0",0
500,6700,19,67486,29.7883211678832,8.66058394160584,10.5,16.0182481751825,6.06204379562044,"32","201",11.0857142857143,"0","0",329,329,"0","0","0",0
500,7200,73,20658,29.7883211678832,8.66058394160584,10.5,16.0182481751825,6.06204379562044,"171","270",11.0857142857143,"0","0",53.1466275659824,55.7813504823151,"0","0","0",0
500,7500,67,2330,29.7883211678832,8.66058394160584,10.5,16.0182481751825,6.06204379562044,"16","210",11.0857142857143,"0","0",50,55.7813504823151,"0","0","0",0
3000,7900,64,145077,47,4,24,12,3,"30","44",11.0857142857143,"0","0",53.1466275659824,55.7813504823151,"0","0","0",0
2000,8800,55,16504,26,11,13,9,5,"32","52",11.0857142857143,"0","0",53.1466275659824,55.7813504823151,"0","0","0",0
500,7700,88,537923,29.7883211678832,8.66058394160584,10.5,16.0182481751825,6.06204379562044,"254","407",11.0857142857143,"0","0",53.1466275659824,55.7813504823151,"0","0","1",0
500,5400,17,64356,2,0,0,2,0,"304","281",11.0857142857143,"0","0",12,12,"0","0","0",0
500,6300,51,195081,29.7883211678832,8.66058394160584,10.5,16.0182481751825,6.06204379562044,"240","291",11.0857142857143,"0","0",2,2,"0","0","0",0
500,4300,4,180029,29.7883211678832,8.66058394160584,10.5,16.0182481751825,6.06204379562044,"9","481",11.0857142857143,"0","0",53.1466275659824,55.7813504823151,"0","0","0",0
500,7000,67,121700,29.7883211678832,8.66058394160584,10.5,16.0182481751825,6.06204379562044,"352","597",11.0857142857143,"0","0",53.1466275659824,55.7813504823151,"0","0","0",0
500,7100,80,121700,29.7883211678832,8.66058394160584,10.5,16.0182481751825,6.06204379562044,"352","597",11.0857142857143,"0","0",53.1466275659824,55.7813504823151,"2","0","0",0
2000,8100,135,451502,29.7883211678832,8.66058394160584,10.5,16.0182481751825,6.06204379562044,"297","490",6,"0","0",53.1466275659824,55.7813504823151,"2","0","1",0
2000,7800,57,12461,29.7883211678832,8.66058394160584,10.5,16.0182481751825,6.06204379562044,"50","199",11.0857142857143,"0","0",256,256,"0","0","0",0
500,6100,27,459861,29.7883211678832,8.66058394160584,10.5,16.0182481751825,6.06204379562044,"4","5",11.0857142857143,"0","0",53.1466275659824,55.7813504823151,"0","0","0",0
500,7100,45,440417.6367713,29.7883211678832,8.66058394160584,10.5,16.0182481751825,6.06204379562044,"33","42",11.0857142857143,"0","0",53.1466275659824,55.7813504823151,"0","0","0",0
500,4600,45,92257,29.7883211678832,8.66058394160584,10.5,16.0182481751825,6.06204379562044,"220","240",11.0857142857143,"0","0",53.1466275659824,55.7813504823151,"0","0","0",0
500,4000,30,396868,10,2,4,6,2,"555","1044",11.0857142857143,"0","0",6,6,"0","0","0",0
500,6900,48,204611,29.7883211678832,8.66058394160584,10.5,16.0182481751825,6.06204379562044,"64","96",11.0857142857143,"0","0",25,25,"0","0","0",0
2000,8500,97,648530,29.7883211678832,8.66058394160584,10.5,16.0182481751825,6.06204379562044,"114","190",6,"0","0",53.1466275659824,9,"2","0","0",0
2000,8200,55,467424,29.7883211678832,8.66058394160584,10.5,16.0182481751825,6.06204379562044,"29","38",11.0857142857143,"0","0",27,27,"2","0","0",0
500,6900,31,688576,29.7883211678832,8.66058394160584,10.5,16.0182481751825,6.06204379562044,"64","96",11.0857142857143,"0","0",17,17,"0","0","0",0
2000,9200,113,752566,29.7883211678832,8.66058394160584,10.5,16.0182481751825,6.06204379562044,"23","32",11.0857142857143,"0","0",19,19,"2","0","1",0
2000,8700,78,1172663,34,14,17,9,6,"32","48",11.0857142857143,"0","0",53.1466275659824,55.7813504823151,"2","0","0",0
19000,9700,112,2089715,29.7883211678832,8.66058394160584,10.5,16.0182481751825,6.06204379562044,"221","361",11.0857142857143,"2","2",53.1466275659824,55.7813504823151,"2","0","1",2
3000,8600,113,850081,29.7883211678832,8.66058394160584,10.5,16.0182481751825,6.06204379562044,"32","38",11.0857142857143,"0","0",48,48,"0","0","0",0
2000,7700,82,241135,29.7883211678832,8.66058394160584,10.5,16.0182481751825,6.06204379562044,"136","218",11.0857142857143,"0","0",2,55.7813504823151,"0","0","0",0
500,6000,46,398306,29.7883211678832,8.66058394160584,10.5,16.0182481751825,6.06204379562044,"159","250",11.0857142857143,"0","0",6,6,"0","0","1",0
500,8100,29,72764,29.7883211678832,8.66058394160584,10.5,16.0182481751825,6.06204379562044,"4","4",11.0857142857143,"0","0",326,326,"0","0","0",0
2000,7000,39,779723,29.7883211678832,8.66058394160584,10.5,16.0182481751825,6.06204379562044,"5","5",11.0857142857143,"0","0",120,120,"0","0","0",0
500,6700,82,440417.6367713,26,15,4,13,6,"15","22",11.0857142857143,"0","0",6,6,"0","0","0",0
2000,7500,59,769387,34,12,14,15,9,"51","179",11.0857142857143,"0","0",70,70,"2","0","1",0
8000,7400,66,1242470,99,10,48,28,6,"57","1118",11.0857142857143,"0","0",53.1466275659824,55.7813504823151,"0","0","0",0
3000,8100,98,506824,29.7883211678832,8.66058394160584,10.5,16.0182481751825,6.06204379562044,"105","169",11.0857142857143,"0","0",6,55.7813504823151,"0","0","1",0
2000,8400,72,3030132,89,22,30,61,17,"30","39",11.0857142857143,"0","0",32,32,"0","0","0",0
2000,6100,112,49260,29.7883211678832,8.66058394160584,10.5,16.0182481751825,6.06204379562044,"58","85",11.0857142857143,"0","0",7,55.7813504823151,"0","0","0",0
500,3200,49,440417.6367713,49,1,37,6,0,"647","1263",11.0857142857143,"0","0",53.1466275659824,55.7813504823151,"0","0","0",0
500,7400,40,115259,2,0,0,2,0,"418","372",11.0857142857143,"0","0",3,3,"0","0","0",0
3000,8200,103,907724,29.7883211678832,8.66058394160584,10.5,16.0182481751825,6.06204379562044,"254","486",4,"0","0",53.1466275659824,55.7813504823151,"0","1","0",16
500,6900,22,76488,29.7883211678832,8.66058394160584,10.5,16.0182481751825,6.06204379562044,"32","201",11.0857142857143,"0","0",64,64,"0","0","0",0
2000,8600,89,1006612,29.7883211678832,8.66058394160584,10.5,16.0182481751825,6.06204379562044,"387","657",11.0857142857143,"0","0",53.1466275659824,55.7813504823151,"0","0","0",0
500,7000,86,70234,29.7883211678832,8.66058394160584,10.5,16.0182481751825,6.06204379562044,"51","497",11.0857142857143,"0","0",42,42,"0","0","0",0
500,6800,49,440417.6367713,29.7883211678832,8.66058394160584,10.5,16.0182481751825,6.06204379562044,"4","7",11.0857142857143,"0","0",53.1466275659824,55.7813504823151,"0","0","0",0
2000,8500,107,793713,29.7883211678832,8.66058394160584,10.5,16.0182481751825,6.06204379562044,"10","123",11.0857142857143,"0","0",53.1466275659824,55.7813504823151,"0","0","0",0
2000,8300,26,534158,29.7883211678832,8.66058394160584,10.5,16.0182481751825,6.06204379562044,"4","6",11.0857142857143,"0","0",53.1466275659824,55.7813504823151,"0","0","0",0
500,7600,73,74139,29.7883211678832,8.66058394160584,10.5,16.0182481751825,6.06204379562044,"37","53",11.0857142857143,"0","0",53.1466275659824,55.7813504823151,"0","0","0",0
500,4800,77,25811,29.7883211678832,8.66058394160584,10.5,16.0182481751825,6.06204379562044,"278","570",11.0857142857143,"0","0",2,55.7813504823151,"0","0","0",0
2000,7100,60,924460,29.7883211678832,8.66058394160584,10.5,16.0182481751825,6.06204379562044,"31","40",11.0857142857143,"0","0",75,75,"2","0","0",0
500,1600,13,440417.6367713,29.7883211678832,8.66058394160584,10.5,16.0182481751825,6.06204379562044,"93","397",11.0857142857143,"2","0",53.1466275659824,55.7813504823151,"0","0","0",0
500,7300,85,546056,29.7883211678832,8.66058394160584,10.5,16.0182481751825,6.06204379562044,"34","260",11.0857142857143,"0","0",53.1466275659824,55.7813504823151,"0","0","0",0
500,5500,76,440417.6367713,29.7883211678832,8.66058394160584,10.5,16.0182481751825,6.06204379562044,"190","300",4,"0","0",53.1466275659824,55.7813504823151,"0","0","0",0
2000,5400,37,331563,29.7883211678832,8.66058394160584,10.5,16.0182481751825,6.06204379562044,"64","360",11.0857142857143,"0","0",81,81,"0","0","0",0
2000,5400,56,564834,29.7883211678832,8.66058394160584,10.5,16.0182481751825,6.06204379562044,"225","369",11.0857142857143,"0","0",10,55.7813504823151,"0","0","0",0
2000,7400,60,94900,29.7883211678832,8.66058394160584,10.5,16.0182481751825,6.06204379562044,"113","495",11.0857142857143,"0","0",55,55,"0","0","0",0
