"Outcome_M9","Quan_2","Quan_3","Quan_4","Quan_5","Quan_7","Quan_8","Quan_9","Quan_10","Quan_13","Quan_14","Cat_4","Quan_18","Cat_349","Cat_359","Cat_388","Quant_24","Quant_25","Cat_469","Cat_470","Cat_494","Quan_27"
500,8300,76,538046,0,0,0,0,0,0,0,"183",16,"0","0","0",9,0,"2","0","0",0
3000,7600,50,557614,0,0,0,0,0,0,0,"446",0,"0","0","2",0,0,"0","0","0",0
2000,8000,66,1119115,0,0,0,0,0,0,0,"11",0,"0","0","0",0,0,"2","0","0",0
500,7600,81,58666,0,0,0,0,0,0,0,"543",8,"0","0","0",0,4,"0","0","0",0
2000,6900,98,428382,58,13,58,58,38,38,38,"687",0,"0","0","0",0,0,"0","0","1",0
500,6000,81,62984,9,3,9,9,7,7,7,"589",0,"0","0","0",0,0,"0","0","0",0
500,6900,112,414785,0,0,0,0,0,0,0,"501",0,"0","0","0",0,0,"0","0","0",0
500,4700,10,42767,0,0,0,0,0,0,0,"248",0,"0","0","0",30,30,"0","0","0",0
500,4800,10,0,0,0,0,0,0,0,0,"33",0,"0","0","2",6,6,"0","0","0",0
500,5100,78,508995,0,0,0,0,0,0,0,"41",0,"0","0","0",2,0,"0","0","0",0
2000,4300,53,1698,4,0,4,4,3,3,3,"909",0,"0","0","0",0,3,"0","0","0",0
500,6500,54,37635,0,0,0,0,0,0,0,"155",0,"0","0","0",8,8,"0","0","0",0
2000,6900,45,216645,0,0,0,0,0,0,0,"266",0,"0","0","0",0,0,"0","0","0",0
500,7000,58,670326,0,0,0,0,0,0,0,"264",0,"0","0","0",8,8,"0","0","0",0
500,6100,42,77366,0,0,0,0,0,0,0,"226",0,"0","0","0",33,33,"0","0","0",0
2000,8800,99,332670,0,0,0,0,0,0,0,"384",0,"0","0","0",0,0,"2","0","0",0
500,7100,35,149470,0,0,0,0,0,0,0,"366",0,"0","0","0",0,0,"0","0","0",0
500,6400,96,746269,0,0,0,0,0,0,0,"18",0,"0","0","0",0,0,"2","0","0",0
500,4600,3,38595,0,0,0,0,0,0,0,"395",0,"0","0","0",6,6,"0","0","0",0
500,7300,85,0,0,0,0,0,0,0,0,"586",0,"0","0","0",0,0,"0","0","0",0
2000,6400,29,0,0,0,0,0,0,0,0,"182",0,"0","0","0",12,12,"0","0","0",0
500,6800,21,0,0,0,0,0,0,0,0,"329",0,"0","0","0",0,0,"0","0","0",0
500,5700,13,13798,0,0,0,0,0,0,0,"222",0,"0","0","0",0,0,"0","0","0",0
500,7600,55,0,14,8,14,14,7,7,7,"1354",0,"0","0","0",0,0,"0","0","0",0
500,7100,58,327817,0,0,0,0,0,0,0,"546",0,"0","0","0",0,0,"2","0","0",0
2000,8000,79,143718,0,0,0,0,0,0,0,"572",0,"0","0","0",0,0,"0","0","0",0
2000,7900,61,652377,0,0,0,0,0,0,0,"51",0,"0","0","0",119,119,"0","0","0",0
500,7200,61,606019,0,0,0,0,0,0,0,"431",0,"0","0","0",3,3,"2","0","0",0
500,6900,39,73049,4,1,4,4,3,3,3,"1388",0,"0","0","0",0,0,"0","0","0",0
500,0,1,224077,80,67,80,80,4,4,4,"1166",0,"0","0","0",0,0,"0","0","1",0
2000,7200,105,856200,0,0,0,0,0,0,0,"399",0,"0","0","0",0,0,"2","0","1",0
6000,8200,101,743429,0,0,0,0,0,0,0,"189",16,"0","0","2",0,0,"2","0","1",0
2000,8400,63,1649272,0,0,0,0,0,0,0,"39",0,"0","0","2",32,32,"0","0","0",0
3000,8200,50,743429,0,0,0,0,0,0,0,"189",14,"0","0","2",0,0,"2","0","1",0
2000,7800,106,343410,0,0,0,0,0,0,0,"389",0,"0","0","0",0,4,"0","0","1",0
2000,8900,37,0,12,5,12,12,5,5,5,"1168",0,"0","0","0",0,0,"0","0","0",0
500,6600,9,0,1,0,1,1,1,1,1,"677",0,"0","0","0",0,0,"0","0","0",0
500,5500,52,0,40,5,40,40,19,19,19,"1152",0,"0","0","0",6,6,"0","0","0",0
2000,7900,53,58806,0,0,0,0,0,0,0,"158",0,"0","0","0",22,22,"2","0","0",0
500,6500,79,529465,0,0,0,0,0,0,0,"252",8,"0","0","0",0,0,"0","0","0",0
500,6700,66,503559,0,0,0,0,0,0,0,"37",0,"0","0","0",36,36,"0","0","0",0
500,6900,29,396498,0,0,0,0,0,0,0,"251",0,"0","0","0",0,0,"0","0","0",0
3000,8600,92,1172663,36,17,36,36,7,7,7,"48",0,"0","0","0",0,0,"2","0","0",0
2000,8100,44,438659,0,0,0,0,0,0,0,"51",0,"0","0","0",119,119,"0","0","0",0
3000,7300,100,872255,76,26,76,76,37,37,37,"260",0,"0","0","0",0,0,"2","0","0",0
500,8500,84,169907,60,24,60,60,45,45,45,"754",0,"0","0","0",0,0,"0","0","1",0
500,5300,10,176797,3,0,3,3,3,3,3,"1234",0,"0","0","0",13,13,"0","0","0",0
500,6300,73,35887,0,0,0,0,0,0,0,"387",0,"0","0","0",0,0,"0","0","0",0
500,6100,70,215765,0,0,0,0,0,0,0,"18",0,"0","0","0",14,14,"0","0","0",0
500,8100,96,0,0,0,0,0,0,0,0,"140",0,"0","0","0",15,15,"0","0","0",0
500,7600,63,4538,7,2,7,7,2,2,2,"655",0,"0","0","0",0,0,"0","0","0",0
500,4700,55,13632,1,0,1,1,1,1,1,"85",0,"0","0","0",0,0,"0","0","0",0
500,4000,7,98168,0,0,0,0,0,0,0,"222",0,"0","0","0",0,0,"0","0","0",0
500,7300,6,119498,0,0,0,0,0,0,0,"202",0,"0","0","0",33,33,"0","0","0",0
500,7600,51,384726,0,0,0,0,0,0,0,"380",0,"0","0","0",60,60,"0","0","0",0
500,6200,89,1564,0,0,0,0,0,0,0,"644",0,"0","0","0",22,22,"0","0","0",0
2000,6000,42,55669,35,10,35,35,18,18,18,"1362",0,"0","0","0",92,92,"0","0","0",0
6000,9000,82,802286,0,0,0,0,0,0,0,"48",0,"0","0","0",544,544,"2","0","1",0
500,4300,48,108948,0,0,0,0,0,0,0,"672",0,"0","0","0",16,0,"0","0","0",0
3000,8300,110,870647,0,0,0,0,0,0,0,"40",0,"0","0","0",0,0,"2","0","0",0
3000,5600,60,331563,0,0,0,0,0,0,0,"360",0,"0","0","0",81,81,"0","0","0",0
500,6400,24,0,27,3,27,27,6,6,6,"285",0,"0","0","0",0,0,"0","0","0",0
2000,8400,144,1173440,0,0,0,0,0,0,0,"30",0,"0","0","0",0,0,"2","0","0",0
500,6400,4,0,0,0,0,0,0,0,0,"739",0,"0","0","0",0,0,"0","0","0",0
500,7800,43,697011,0,0,0,0,0,0,0,"5",0,"0","0","0",0,0,"0","0","0",0
500,7700,90,75621,0,0,0,0,0,0,0,"217",0,"0","0","0",5,0,"0","0","0",0
5000,8600,121,1399606,0,0,0,0,0,0,0,"129",0,"0","0","0",0,0,"2","0","0",0
2000,8900,44,907439,0,0,0,0,0,0,0,"127",0,"0","0","0",0,0,"0","0","0",0
2000,8600,95,395580,0,0,0,0,0,0,0,"478",0,"0","0","0",0,0,"0","0","0",0
500,7900,72,58648,0,0,0,0,0,0,0,"7",0,"0","0","0",109,109,"0","0","0",0
2000,7500,87,1575180,0,0,0,0,0,0,0,"19",0,"0","0","2",0,0,"0","0","0",0
2000,7300,49,788296,0,0,0,0,0,0,0,"49",0,"0","0","0",30,30,"2","0","0",0
500,6400,26,150368,0,0,0,0,0,0,0,"660",0,"0","0","0",4,4,"0","0","0",0
500,0,1,174848,0,0,0,0,0,0,0,"323",0,"0","0","0",0,0,"0","0","0",0
500,6800,35,73049,4,1,4,4,4,4,4,"1388",0,"0","0","0",0,0,"0","0","0",0
500,6200,7,0,3,1,3,3,0,0,0,"69",0,"0","0","0",0,0,"0","0","0",0
500,7800,77,466603,0,0,0,0,0,0,0,"193",0,"0","0","0",0,0,"0","0","0",0
500,8000,67,275695,0,0,0,0,0,0,0,"224",0,"0","0","0",0,23,"0","0","0",0
2000,8300,90,372875,0,0,0,0,0,0,0,"311",0,"0","0","0",0,0,"2","0","0",0
500,8600,96,248407,0,0,0,0,0,0,0,"225",0,"0","0","0",0,0,"0","0","0",0
2000,8500,134,420774,0,0,0,0,0,0,0,"172",0,"0","0","0",22,22,"2","0","0",0
500,5000,71,50584,0,0,0,0,0,0,0,"631",4,"0","0","0",4,4,"0","0","0",0
500,7500,46,8412,0,0,0,0,0,0,0,"348",0,"0","0","0",0,0,"0","0","0",0
500,5200,41,769,35,24,35,35,7,7,7,"1125",0,"0","0","0",7,7,"0","0","0",0
500,7800,76,14,11,3,11,11,7,7,7,"637",0,"0","0","0",4,0,"0","0","0",0
500,4400,5,334360,1,0,1,1,0,0,0,"1131",0,"0","0","0",2,2,"0","0","0",0
500,4400,12,25831,2,0,2,2,2,2,2,"377",0,"0","0","0",0,0,"0","0","0",0
500,2900,37,233505,0,0,0,0,0,0,0,"447",0,"0","0","2",0,0,"0","0","0",0
500,7200,60,47363,0,0,0,0,0,0,0,"7",0,"0","0","0",109,109,"0","0","0",0
2000,7700,88,557614,0,0,0,0,0,0,0,"446",0,"0","0","2",0,0,"0","0","0",0
500,7100,56,111812,0,0,0,0,0,0,0,"559",0,"0","0","0",3,3,"0","0","0",0
500,8300,64,14306,8,3,8,8,2,2,2,"1010",12,"0","0","0",24,0,"0","0","0",0
500,5500,10,384334,0,0,0,0,0,0,0,"277",0,"0","0","0",0,4,"0","0","0",0
2000,4200,37,0,58,42,58,58,6,6,6,"1179",0,"0","0","0",0,0,"2","0","0",0
2000,8800,68,16504,23,14,23,23,6,6,6,"52",0,"0","0","0",0,0,"0","0","0",0
500,7500,57,777132,0,0,0,0,0,0,0,"295",8,"0","0","0",0,18,"0","0","0",0
500,7700,88,0,23,5,23,23,13,13,13,"305",0,"0","0","0",19,19,"0","0","0",0
500,7900,37,0,0,0,0,0,0,0,0,"198",0,"0","0","0",52,52,"0","0","0",0
500,8300,53,503093,0,0,0,0,0,0,0,"398",0,"0","0","0",16,16,"0","0","0",0
2000,8400,95,336930,0,0,0,0,0,0,0,"432",0,"0","0","0",33,33,"2","0","1",0
2000,7600,84,820707,0,0,0,0,0,0,0,"40",0,"0","0","0",0,0,"2","0","0",0
500,4300,18,0,5,2,5,5,2,2,2,"1146",0,"0","0","0",11,11,"0","0","0",0
500,7800,84,1879,9,3,9,9,6,6,6,"587",0,"0","0","0",0,8,"0","0","1",0
6000,8800,110,527439,0,0,0,0,0,0,0,"189",16,"0","0","2",17,17,"2","0","1",0
2000,5700,8,227165,9,6,9,9,2,2,2,"382",0,"0","0","0",0,0,"0","0","0",0
500,6300,53,241413,0,0,0,0,0,0,0,"244",0,"0","0","0",3,0,"0","0","0",0
2000,7500,98,850888,0,0,0,0,0,0,0,"571",0,"0","2","0",0,0,"2","0","1",3
2000,8400,113,538046,0,0,0,0,0,0,0,"183",16,"0","0","0",9,0,"2","0","1",0
500,6800,46,75598,0,0,0,0,0,0,0,"201",0,"0","0","0",324,324,"0","0","0",0
2000,3800,39,450556,11,2,11,11,11,11,11,"244",0,"0","0","0",0,0,"0","0","0",0
500,7400,109,250974,0,0,0,0,0,0,0,"16",8,"0","0","0",0,16,"0","0","1",0
500,7500,82,0,0,0,0,0,0,0,0,"126",0,"0","0","0",22,22,"2","0","0",0
500,7200,127,941734,25,11,25,25,10,10,10,"643",0,"0","0","0",0,0,"0","0","0",1
2000,7900,75,208574,27,14,27,27,12,12,12,"286",0,"0","0","0",0,0,"0","0","0",0
500,7700,70,155555,2,2,2,2,0,0,0,"701",0,"0","0","0",20,20,"0","0","0",0
500,7200,80,242444,6,2,6,6,2,2,2,"664",0,"0","0","0",0,0,"0","0","0",0
2000,8500,58,1238684,0,0,0,0,0,0,0,"39",0,"0","0","2",32,32,"0","0","0",0
2000,8600,129,780782,0,0,0,0,0,0,0,"278",0,"0","0","0",0,0,"0","0","0",0
2000,5500,68,761,0,0,0,0,0,0,0,"443",0,"0","0","0",22,22,"0","0","0",0
500,6300,10,221857,0,0,0,0,0,0,0,"174",0,"0","0","0",18,18,"0","0","0",0
2000,7700,27,466940,0,0,0,0,0,0,0,"213",0,"0","0","0",32,32,"0","0","0",0
13000,9300,114,3220430,0,0,0,0,0,0,0,"11",18,"0","0","0",0,0,"2","0","1",0
2000,8000,30,539483,0,0,0,0,0,0,0,"51",0,"0","0","0",120,120,"0","0","0",0
2000,7200,101,324749,0,0,0,0,0,0,0,"355",10,"0","0","0",0,2,"0","0","0",0
500,6700,62,570116,0,0,0,0,0,0,0,"340",0,"0","0","0",0,0,"0","0","0",0
2000,8800,125,348241,85,42,85,85,39,39,39,"384",0,"0","0","0",0,5,"2","0","1",0
500,8600,34,15804,0,0,0,0,0,0,0,"52",0,"0","0","0",0,0,"0","0","0",0
500,6300,12,97941,0,0,0,0,0,0,0,"453",0,"0","0","0",0,0,"0","0","0",0
500,6100,98,641442,0,0,0,0,0,0,0,"632",0,"0","0","2",24,0,"0","0","0",0
2000,8000,43,1164838,0,0,0,0,0,0,0,"44",0,"0","0","2",53,53,"0","0","0",0
500,7200,55,495179,0,0,0,0,0,0,0,"281",0,"0","0","0",0,0,"0","0","0",0
500,7900,44,11049,0,0,0,0,0,0,0,"265",0,"0","0","0",30,30,"0","0","0",0
500,5700,12,407303,19,9,19,19,8,8,8,"19",0,"0","0","2",27,27,"0","0","0",0
500,6400,10,190084,2,0,2,2,2,2,2,"680",0,"0","0","0",20,20,"0","0","0",0
3000,7600,87,371070,0,0,0,0,0,0,0,"46",0,"0","0","0",0,0,"2","0","0",0
500,6900,22,416229,0,0,0,0,0,0,0,"202",16,"0","0","0",0,0,"0","0","0",0
500,6900,68,664806,0,0,0,0,0,0,0,"378",0,"0","0","2",0,0,"0","0","0",0
2000,7900,67,90029,0,0,0,0,0,0,0,"52",0,"0","0","0",35,35,"0","0","0",0
500,7000,45,0,0,0,0,0,0,0,0,"7",0,"0","0","0",30,30,"0","0","0",0
500,6700,56,0,0,0,0,0,0,0,0,"901",0,"0","0","0",0,0,"0","0","0",0
500,5600,6,0,0,0,0,0,0,0,0,"890",0,"0","0","0",0,0,"0","0","0",0
500,4300,11,88573,0,0,0,0,0,0,0,"551",14,"0","0","0",0,0,"0","0","0",0
3000,6100,81,779035,51,11,51,51,25,25,25,"399",0,"0","0","0",22,0,"0","0","1",0
500,7200,33,49009,0,0,0,0,0,0,0,"199",0,"0","0","0",250,250,"0","0","0",0
500,3100,5,47068,0,0,0,0,0,0,0,"425",8,"0","0","0",7,7,"0","0","0",0
500,8000,47,139621,0,0,0,0,0,0,0,"228",0,"0","0","0",12,0,"0","0","0",0
500,7300,40,304225,0,0,0,0,0,0,0,"204",0,"0","0","0",24,24,"0","0","0",0
2000,8900,53,676207,32,10,32,32,10,10,10,"127",0,"0","0","0",30,30,"0","0","0",0
2000,7700,49,253625,0,0,0,0,0,0,0,"265",0,"0","0","0",0,11,"2","0","0",0
500,6000,65,48178,0,0,0,0,0,0,0,"66",0,"0","0","0",52,52,"0","0","0",0
2000,7900,76,145077,64,48,64,64,44,44,44,"44",0,"0","0","2",0,0,"0","0","0",0
500,3600,33,76996,0,0,0,0,0,0,0,"441",0,"0","0","0",0,0,"0","0","0",0
3000,9100,131,582649,0,0,0,0,0,0,0,"565",0,"0","0","0",0,0,"0","1","1",0
500,3600,8,334360,1,0,1,1,0,0,0,"1131",0,"0","0","0",2,2,"0","0","0",0
2000,7600,52,257699,38,4,38,38,28,28,28,"79",0,"0","0","0",124,124,"0","0","0",0
500,8500,47,0,2,0,2,2,1,1,1,"671",0,"0","0","0",16,16,"0","0","0",0
2000,6200,68,148496,0,0,0,0,0,0,0,"48",0,"0","0","0",72,72,"0","0","0",0
500,6800,98,214006,0,0,0,0,0,0,0,"18",0,"0","0","0",0,0,"0","0","0",0
500,7000,89,39995,0,0,0,0,0,0,0,"182",0,"0","0","0",12,12,"0","0","0",0
500,0,0,0,4,1,4,4,3,3,3,"279",0,"0","0","0",20,0,"0","0","0",0
500,3500,4,11675,0,0,0,0,0,0,0,"10",0,"0","0","0",0,0,"0","0","0",0
2000,7400,112,941734,22,9,22,22,11,11,11,"643",0,"0","0","0",0,0,"2","0","0",1
500,7800,28,245463,0,0,0,0,0,0,0,"213",0,"0","0","0",34,34,"0","0","0",0
2000,8000,86,1951543,0,0,0,0,0,0,0,"39",0,"0","0","2",32,32,"0","0","0",0
500,8900,136,395580,0,0,0,0,0,0,0,"478",0,"0","0","0",0,0,"0","0","0",0
8000,8900,118,1394197,0,0,0,0,0,0,0,"206",0,"0","0","0",0,0,"2","0","1",1
2000,8500,94,755977,0,0,0,0,0,0,0,"582",16,"0","0","0",0,0,"0","0","0",0
2000,8400,81,212135,0,0,0,0,0,0,0,"433",4,"0","0","0",16,16,"0","0","0",0
500,8300,94,172979,95,61,95,95,58,58,58,"1054",0,"0","0","0",0,0,"0","0","0",0
500,6400,5,150368,0,0,0,0,0,0,0,"660",0,"0","0","0",4,4,"0","0","0",0
500,6200,5,407303,21,11,21,21,8,8,8,"19",0,"0","0","2",28,28,"0","0","0",0
500,7100,62,136366,0,0,0,0,0,0,0,"404",0,"0","0","0",0,0,"0","0","0",0
2000,5600,64,166518,0,0,0,0,0,0,0,"375",2,"0","0","2",40,0,"0","0","0",0
500,5900,17,283838,7,4,7,7,2,2,2,"1081",0,"0","0","0",198,198,"0","0","0",0
2000,8000,61,13671,0,0,0,0,0,0,0,"49",0,"0","0","0",34,34,"2","0","0",0
500,8300,135,488430,0,0,0,0,0,0,0,"562",0,"0","0","0",0,0,"2","0","0",0
2000,7400,92,872255,73,22,73,73,37,37,37,"260",0,"0","0","0",0,0,"2","0","0",0
500,4900,21,49935,0,0,0,0,0,0,0,"287",12,"0","0","0",0,8,"0","0","0",0
500,7300,55,477063,0,0,0,0,0,0,0,"19",0,"0","0","2",30,30,"0","0","0",0
500,6700,18,471617,0,0,0,0,0,0,0,"186",0,"0","0","0",0,0,"0","0","0",0
16000,8800,74,696622,313,273,313,313,288,288,288,"6",10,"0","0","0",30,30,"0","0","0",0
500,6400,39,5633,40,29,40,40,6,6,6,"1126",0,"0","0","0",0,0,"0","0","0",0
500,6100,45,9772,1,0,1,1,1,1,1,"895",0,"0","0","0",8,8,"0","0","0",0
2000,7100,106,37215,0,0,0,0,0,0,0,"460",8,"0","0","0",0,0,"0","0","0",0
500,6500,4,0,0,0,0,0,0,0,0,"718",0,"0","0","0",0,0,"0","0","0",0
500,8200,102,447992,0,0,0,0,0,0,0,"56",0,"0","0","0",0,0,"2","0","0",0
3000,8500,154,401293,0,0,0,0,0,0,0,"536",0,"0","0","0",0,0,"2","0","1",0
2000,8300,106,793103,0,0,0,0,0,0,0,"128",0,"0","0","0",0,0,"2","0","0",0
500,8200,50,412632,0,0,0,0,0,0,0,"50",0,"0","0","0",18,18,"0","0","0",0
500,4500,43,56051,0,0,0,0,0,0,0,"757",0,"0","0","0",0,0,"0","0","0",0
500,0,0,386836,10,4,10,10,0,0,0,"898",0,"0","0","0",8,8,"0","0","0",0
2000,7900,81,940341,30,7,30,30,18,18,18,"763",0,"0","0","0",167,167,"0","0","1",0
500,6700,29,163947,11,5,11,11,3,3,3,"403",0,"0","0","0",6,6,"0","0","0",0
2000,7600,69,824187,29,14,29,29,14,14,14,"981",0,"0","0","0",4,4,"0","0","0",0
500,5000,43,224371,0,0,0,0,0,0,0,"412",0,"0","0","0",0,0,"0","0","0",0
500,3800,48,84266,0,0,0,0,0,0,0,"249",12,"0","0","0",3,0,"0","0","0",0
3000,8700,58,222511,0,0,0,0,0,0,0,"48",0,"0","0","0",512,512,"2","0","0",0
500,5300,34,149219,16,4,16,16,2,2,2,"1262",0,"0","0","0",0,0,"0","0","0",0
2000,2600,17,3936,42,34,42,42,5,5,5,"1145",0,"0","0","0",8,8,"0","0","0",0
500,6900,67,214006,0,0,0,0,0,0,0,"18",0,"0","0","0",0,0,"0","0","0",0
2000,7100,48,192962,0,0,0,0,0,0,0,"379",0,"0","0","0",21,21,"0","0","1",0
500,6300,36,62276,0,0,0,0,0,0,0,"216",0,"0","0","0",0,0,"0","0","0",0
2000,6400,85,642451,0,0,0,0,0,0,0,"40",0,"0","0","0",57,57,"2","0","0",0
500,7700,42,267629,0,0,0,0,0,0,0,"57",0,"0","0","0",0,0,"0","0","0",0
500,7800,103,0,22,5,22,22,15,15,15,"305",0,"0","0","0",19,19,"0","0","0",0
500,0,2,44363,1,0,1,1,1,1,1,"992",0,"0","0","0",8,8,"0","0","0",0
500,3800,12,91161,0,0,0,0,0,0,0,"12",12,"0","0","0",0,0,"0","0","0",0
500,8200,123,488430,0,0,0,0,0,0,0,"562",0,"0","0","0",0,0,"0","0","0",0
500,8200,116,272994,0,0,0,0,0,0,0,"224",8,"0","0","0",0,23,"0","0","0",0
3000,8200,105,624769,0,0,0,0,0,0,0,"367",0,"0","0","0",0,0,"2","0","1",0
500,7300,94,0,0,0,0,0,0,0,0,"586",0,"0","0","0",0,0,"0","0","0",0
500,5000,33,26436,0,0,0,0,0,0,0,"349",0,"0","0","0",0,2,"0","0","0",0
500,5900,89,317271,0,0,0,0,0,0,0,"564",0,"0","0","0",0,0,"0","0","0",0
500,7200,12,119498,0,0,0,0,0,0,0,"202",21,"0","0","0",33,33,"0","0","0",0
2000,8400,87,916743,68,26,68,68,35,35,35,"563",0,"0","0","0",109,109,"0","0","0",0
500,5800,77,149470,0,0,0,0,0,0,0,"366",0,"0","0","0",0,0,"0","0","1",0
500,6400,53,16442,0,0,0,0,0,0,0,"151",8,"0","0","0",0,0,"0","0","0",0
500,5900,46,4221,0,0,0,0,0,0,0,"123",0,"0","0","0",0,0,"0","0","0",0
500,5500,53,396297,0,0,0,0,0,0,0,"200",0,"0","0","0",3,3,"0","0","0",0
500,8700,182,4741,0,0,0,0,0,0,0,"585",0,"0","0","0",0,0,"2","0","0",0
500,4200,19,631652,0,0,0,0,0,0,0,"156",0,"0","0","0",0,0,"0","0","0",0
500,5500,36,564834,0,0,0,0,0,0,0,"369",0,"0","0","0",9,0,"0","0","0",0
3000,9300,144,1650772,0,0,0,0,0,0,0,"364",0,"0","0","0",0,0,"2","0","1",0
500,7500,46,245463,0,0,0,0,0,0,0,"213",0,"0","0","0",34,34,"0","0","0",0
500,3500,8,91161,0,0,0,0,0,0,0,"12",0,"0","0","0",0,0,"0","0","0",0
2000,7500,65,1969756,80,42,80,80,24,24,24,"1117",0,"0","0","0",11,11,"0","0","1",2
500,5500,11,153980,0,0,0,0,0,0,0,"207",0,"0","0","0",7,7,"0","0","0",0
500,6200,16,164171,0,0,0,0,0,0,0,"187",0,"0","0","0",10,10,"0","0","0",0
500,6300,22,230598,0,0,0,0,0,0,0,"150",0,"0","0","0",42,42,"0","0","0",0
500,6000,37,23149,0,0,0,0,0,0,0,"66",0,"0","0","0",0,0,"0","0","0",0
500,6900,96,549715,0,0,0,0,0,0,0,"340",0,"0","0","0",0,0,"0","0","0",0
500,8000,33,691706,0,0,0,0,0,0,0,"6",0,"0","0","0",0,0,"0","0","0",0
500,5500,40,51652,0,0,0,0,0,0,0,"263",16,"0","0","0",4,4,"0","0","0",0
500,0,2,131448,0,0,0,0,0,0,0,"10",0,"0","0","0",0,0,"0","0","0",0
500,5000,52,49935,0,0,0,0,0,0,0,"287",12,"0","0","0",0,8,"0","0","0",0
500,0,0,194305,3,1,3,3,2,2,2,"17",0,"0","0","0",2,2,"0","0","0",0
500,5800,69,57822,0,0,0,0,0,0,0,"708",0,"0","0","0",0,0,"0","0","0",0
5000,8600,107,4365238,155,31,155,155,68,68,68,"11",0,"0","0","0",0,0,"0","0","1",0
2000,8900,129,1201564,0,0,0,0,0,0,0,"308",0,"0","0","0",0,0,"2","0","0",0
500,5900,59,95291,0,0,0,0,0,0,0,"66",0,"0","0","0",41,41,"0","0","0",0
500,6500,38,2048,3,2,3,3,0,0,0,"1214",0,"0","0","0",7,0,"0","0","1",0
2000,4400,51,367328,0,0,0,0,0,0,0,"714",0,"0","0","0",0,0,"0","0","0",0
3000,8900,102,1529105,121,37,121,121,61,61,61,"206",0,"0","0","0",0,15,"2","0","1",0
500,6000,19,97941,0,0,0,0,0,0,0,"453",0,"0","0","0",0,0,"0","0","0",0
500,8400,38,359080,48,19,48,48,32,32,32,"51",0,"0","0","0",0,0,"0","0","0",0
2000,7400,40,788296,0,0,0,0,0,0,0,"49",0,"0","0","0",30,30,"2","0","0",0
5000,8800,149,483316,0,0,0,0,0,0,0,"337",0,"0","0","0",0,0,"2","0","1",0
2000,7600,55,0,33,13,33,33,11,11,11,"1072",0,"0","0","0",0,0,"0","0","0",0
500,7600,62,720532,0,0,0,0,0,0,0,"19",0,"0","0","2",34,34,"0","0","0",0
500,6100,92,20071,5,0,5,5,3,3,3,"661",0,"0","0","0",0,0,"0","0","0",0
500,6000,56,193041,0,0,0,0,0,0,0,"411",0,"0","0","0",0,0,"0","0","0",0
500,4400,11,89480,0,0,0,0,0,0,0,"262",0,"0","0","0",20,20,"0","0","0",0
500,5400,67,43805,0,0,0,0,0,0,0,"342",0,"0","0","0",6,6,"0","0","0",0
500,5200,45,462746,0,0,0,0,0,0,0,"370",0,"0","0","0",0,2,"0","0","0",0
500,8200,80,280808,0,0,0,0,0,0,0,"267",0,"0","0","0",0,0,"0","0","1",0
500,8200,112,447992,0,0,0,0,0,0,0,"56",0,"0","0","0",0,0,"0","0","0",0
500,6600,72,245264,0,0,0,0,0,0,0,"454",0,"0","0","0",161,0,"0","0","0",0
500,6900,91,94125,0,0,0,0,0,0,0,"356",0,"0","0","0",0,0,"0","0","0",0
500,7500,69,557725,0,0,0,0,0,0,0,"57",0,"0","0","0",0,0,"0","0","1",0
3000,8000,87,1168518,0,0,0,0,0,0,0,"206",0,"0","0","0",0,0,"2","0","1",0
3000,7900,118,457014,62,21,62,62,27,27,27,"337",0,"0","0","0",2,2,"0","0","1",0
2000,7200,95,664806,0,0,0,0,0,0,0,"378",0,"0","0","2",0,0,"0","0","1",0
3000,8600,77,1348716,0,0,0,0,0,0,0,"566",0,"0","0","0",6,0,"0","0","1",1
500,5500,88,2477,0,0,0,0,0,0,0,"195",0,"0","0","0",0,0,"0","0","0",0
500,7600,76,101055,0,0,0,0,0,0,0,"270",2,"0","0","0",0,0,"0","0","0",0
2000,8300,111,931417,107,48,107,107,41,41,41,"139",0,"0","0","0",1039,1039,"2","0","1",0
500,7700,104,466603,0,0,0,0,0,0,0,"193",16,"0","0","0",0,0,"0","0","0",0
3000,9000,133,823479,0,0,0,0,0,0,0,"188",16,"0","0","2",0,4,"2","0","0",0
500,6600,46,670326,0,0,0,0,0,0,0,"264",0,"0","0","0",8,8,"0","0","0",0
2000,8500,115,467424,0,0,0,0,0,0,0,"38",0,"0","0","0",27,27,"0","0","0",0
6000,9200,137,1329383,0,0,0,0,0,0,0,"385",0,"0","0","0",0,0,"2","1","1",10
2000,9500,149,1005204,0,0,0,0,0,0,0,"214",0,"0","0","0",0,0,"2","0","0",0
2000,9100,61,518273,36,8,36,36,13,13,13,"279",0,"0","0","0",0,0,"0","0","0",0
500,6200,47,844248,0,0,0,0,0,0,0,"420",0,"0","0","0",0,0,"0","0","0",0
2000,8700,151,834327,0,0,0,0,0,0,0,"214",0,"0","0","0",0,5,"0","0","1",0
500,5300,28,30366,0,0,0,0,0,0,0,"184",0,"0","0","0",0,0,"0","0","0",0
500,7300,47,5650,0,0,0,0,0,0,0,"270",0,"0","0","0",0,0,"0","0","0",0
500,5900,18,283838,10,5,10,10,2,2,2,"1081",0,"0","0","0",198,198,"0","0","0",0
500,6100,56,193707,0,0,0,0,0,0,0,"135",0,"0","0","0",0,0,"0","0","0",0
2000,5600,43,0,13,3,13,13,2,2,2,"715",0,"0","0","0",90,90,"2","0","1",0
500,5900,44,181085,0,0,0,0,0,0,0,"715",0,"0","0","0",41,41,"0","0","0",0
500,8200,71,739705,0,0,0,0,0,0,0,"285",0,"0","0","0",0,0,"0","0","0",0
500,7400,91,65599,0,0,0,0,0,0,0,"3",0,"0","0","0",0,0,"0","0","0",0
500,7300,33,304225,0,0,0,0,0,0,0,"204",0,"0","0","0",24,24,"0","0","0",0
500,6800,76,0,0,0,0,0,0,0,0,"362",16,"0","0","0",0,0,"0","0","0",0
2000,7000,120,316575,0,0,0,0,0,0,0,"80",0,"0","0","0",4,4,"0","0","0",0
2000,8500,86,10057,25,6,25,25,17,17,17,"38",0,"0","0","0",61,61,"0","0","0",0
500,5600,16,32760,0,0,0,0,0,0,0,"377",0,"0","0","0",6,5,"0","0","0",0
2000,8700,92,1516735,54,22,54,54,29,29,29,"40",0,"0","0","0",0,0,"2","0","0",0
500,4200,6,128209,0,0,0,0,0,0,0,"382",0,"0","0","0",0,0,"0","0","0",0
500,8200,82,62984,0,0,0,0,0,0,0,"89",0,"0","0","0",0,0,"2","0","0",0
2000,9300,80,0,19,4,19,19,6,6,6,"259",0,"0","0","0",13,0,"0","0","0",0
500,0,1,86725,5,0,5,5,3,3,3,"1229",0,"0","0","0",0,0,"0","0","0",0
500,7900,81,1106,0,0,0,0,0,0,0,"175",16,"0","0","0",19,19,"0","0","0",0
500,6200,99,303842,0,0,0,0,0,0,0,"583",0,"0","0","0",0,0,"0","0","0",0
500,5600,21,384334,0,0,0,0,0,0,0,"277",0,"0","0","0",0,4,"0","0","0",0
3000,8100,145,1003761,0,0,0,0,0,0,0,"86",16,"0","0","0",6,6,"2","0","1",0
500,7400,49,589158,0,0,0,0,0,0,0,"408",0,"0","0","0",0,0,"0","0","0",0
500,8000,98,27136,0,0,0,0,0,0,0,"429",0,"0","0","0",8,8,"0","0","1",0
2000,8500,39,2006285,0,0,0,0,0,0,0,"188",0,"0","0","2",0,2,"0","0","0",0
500,5200,3,72774,2,0,2,2,2,2,2,"675",0,"0","0","0",18,0,"0","0","0",0
500,7900,91,669770,31,8,31,31,21,21,21,"30",0,"0","0","0",0,0,"2","0","1",0
500,5900,66,1361,20,9,20,20,2,2,2,"302",0,"0","0","0",0,0,"0","0","0",0
500,7400,39,428610,7,1,7,7,4,4,4,"764",0,"0","0","0",0,0,"0","0","0",0
2000,7600,119,478691,0,0,0,0,0,0,0,"641",0,"0","0","0",0,0,"0","0","0",0
3000,8200,108,975913,0,0,0,0,0,0,0,"176",12,"0","0","0",0,0,"2","0","0",0
2000,8100,59,438753,0,0,0,0,0,0,0,"331",16,"0","0","0",62,62,"0","0","0",0
2000,7800,106,442044,0,0,0,0,0,0,0,"320",0,"0","0","0",8,0,"0","0","0",0
500,6500,13,0,0,0,0,0,0,0,0,"391",0,"0","0","0",32,32,"0","0","0",0
2000,7000,92,517764,0,0,0,0,0,0,0,"303",16,"0","0","0",0,0,"0","0","0",0
6000,8200,79,5417231,134,79,134,134,28,28,28,"1116",0,"0","0","0",9,9,"0","0","0",0
500,6900,8,439801,0,0,0,0,0,0,0,"352",0,"0","0","0",0,0,"0","0","0",0
2000,8100,135,380699,0,0,0,0,0,0,0,"550",0,"0","0","0",0,3,"0","0","0",0
500,8000,70,30069,0,0,0,0,0,0,0,"567",0,"0","0","0",0,0,"0","0","0",0
500,6300,37,1007988,0,0,0,0,0,0,0,"150",0,"0","0","0",0,0,"0","0","0",0
500,8500,77,503093,0,0,0,0,0,0,0,"398",0,"0","0","0",16,16,"0","0","0",0
500,7600,27,370537,0,0,0,0,0,0,0,"371",0,"0","0","0",7,7,"0","0","0",0
8000,8500,125,2408730,0,0,0,0,0,0,0,"11",18,"0","0","0",0,0,"2","0","1",0
2000,6400,76,0,10,5,10,10,5,5,5,"1058",0,"0","0","0",0,0,"0","0","0",0
500,6700,67,335300,0,0,0,0,0,0,0,"402",0,"0","0","0",0,0,"0","0","0",0
500,7900,58,0,0,0,0,0,0,0,0,"198",8,"0","0","0",52,52,"0","0","0",0
500,6500,51,16442,0,0,0,0,0,0,0,"151",0,"0","0","0",0,0,"0","0","0",0
2000,6800,95,0,0,0,0,0,0,0,0,"42",0,"0","0","0",0,0,"0","0","0",0
2000,7200,35,924460,0,0,0,0,0,0,0,"40",0,"0","0","0",75,75,"2","0","0",0
2000,5100,50,25777,0,0,0,0,0,0,0,"197",0,"0","0","0",30,0,"0","0","0",0
500,4500,60,561128,0,0,0,0,0,0,0,"359",0,"0","0","0",0,0,"0","0","0",0
500,5800,72,118199,50,17,50,50,34,34,34,"965",0,"0","0","0",0,0,"0","0","1",0
500,7000,67,70234,0,0,0,0,0,0,0,"497",0,"0","0","0",42,42,"0","0","0",0
2000,5600,99,635484,0,0,0,0,0,0,0,"245",4,"0","0","0",0,0,"0","0","0",0
500,4700,11,98168,0,0,0,0,0,0,0,"222",0,"0","0","0",0,0,"0","0","0",0
500,7900,65,48840,0,0,0,0,0,0,0,"236",0,"0","0","0",0,0,"0","0","0",0
5000,9200,132,725087,0,0,0,0,0,0,0,"81",0,"0","0","0",405,405,"2","0","1",0
500,4900,51,0,40,15,40,40,13,13,13,"1075",0,"0","0","0",0,0,"0","0","0",0
2000,8300,76,1238684,0,0,0,0,0,0,0,"39",0,"0","0","2",32,32,"0","0","0",0
2000,7600,45,820707,0,0,0,0,0,0,0,"40",0,"0","0","0",0,0,"0","0","0",0
500,5900,58,7701,0,0,0,0,0,0,0,"729",0,"0","0","0",0,0,"0","0","0",0
500,6700,33,779723,0,0,0,0,0,0,0,"5",0,"0","0","0",90,90,"0","0","0",0
500,7500,125,518565,0,0,0,0,0,0,0,"20",0,"0","0","0",0,0,"0","0","0",0
500,6400,70,11971,0,0,0,0,0,0,0,"350",0,"0","0","0",43,43,"0","0","0",0
2000,8500,111,326799,55,11,55,55,43,43,43,"733",0,"0","0","0",36,36,"0","0","1",0
500,6900,59,598947,0,0,0,0,0,0,0,"244",0,"0","0","0",5,0,"0","0","0",0
500,7200,64,151404,0,0,0,0,0,0,0,"346",0,"0","0","0",8,8,"0","0","0",0
500,7500,82,367178,26,10,26,26,15,15,15,"1127",0,"0","0","0",30,30,"0","0","0",0
2000,8000,92,664717,0,0,0,0,0,0,0,"179",0,"0","0","0",67,67,"0","0","0",0
500,6400,60,67691,0,0,0,0,0,0,0,"676",0,"0","0","0",0,0,"0","0","0",0
500,7700,49,910668,0,0,0,0,0,0,0,"179",0,"0","0","0",63,63,"2","0","1",0
500,3700,7,128209,0,0,0,0,0,0,0,"382",0,"0","0","0",0,0,"0","0","0",0
500,7100,34,0,0,0,0,0,0,0,0,"285",0,"0","0","0",0,0,"0","0","0",0
3000,8200,66,18034,0,0,0,0,0,0,0,"48",0,"0","0","0",621,621,"0","0","0",0
500,4600,60,631652,0,0,0,0,0,0,0,"156",0,"0","0","0",0,0,"2","0","0",0
500,7900,36,483256,0,0,0,0,0,0,0,"51",0,"0","0","0",0,0,"0","0","0",0
500,7500,60,242444,6,2,6,6,1,1,1,"664",0,"0","0","0",0,0,"0","0","0",0
500,6700,104,335300,0,0,0,0,0,0,0,"402",0,"0","0","0",0,0,"2","0","1",0
500,5800,59,7701,0,0,0,0,0,0,0,"729",0,"0","0","0",0,0,"0","0","0",0
500,7800,68,910668,0,0,0,0,0,0,0,"179",0,"0","0","0",64,64,"0","0","0",0
2000,8000,89,860321,0,0,0,0,0,0,0,"108",0,"0","0","0",41,41,"2","0","1",0
500,8700,85,28164,0,0,0,0,0,0,0,"450",0,"0","0","0",33,0,"2","0","0",0
2000,7800,138,373658,0,0,0,0,0,0,0,"2",8,"0","0","0",0,0,"0","0","1",0
2000,7400,72,622980,0,0,0,0,0,0,0,"205",0,"0","0","0",2,0,"2","0","0",0
500,5900,8,934,0,0,0,0,0,0,0,"864",0,"0","0","0",44,44,"0","0","0",0
3000,4700,11,224077,88,63,88,88,7,7,7,"1166",0,"0","0","0",0,0,"0","0","0",0
500,7900,118,1073298,0,0,0,0,0,0,0,"185",0,"0","0","2",0,0,"0","0","0",0
3000,8600,115,1348716,0,0,0,0,0,0,0,"566",0,"0","0","0",6,0,"0","0","1",1
500,5300,39,73152,0,0,0,0,0,0,0,"67",0,"0","0","0",400,400,"0","0","0",0
3000,9500,166,1784743,0,0,0,0,0,0,0,"259",0,"0","0","0",11,0,"0","0","1",0
500,6100,12,166048,0,0,0,0,0,0,0,"409",0,"0","0","0",0,0,"0","0","0",0
500,6500,3,194305,5,2,5,5,2,2,2,"17",0,"0","0","0",2,2,"0","0","0",0
500,6600,100,388256,0,0,0,0,0,0,0,"437",0,"0","0","0",0,0,"0","0","0",0
500,4400,84,108948,0,0,0,0,0,0,0,"672",0,"0","0","0",16,0,"0","0","0",0
500,6600,47,0,0,0,0,0,0,0,0,"492",0,"0","0","0",4,5,"0","0","0",0
3000,8800,104,1247336,0,0,0,0,0,0,0,"367",0,"0","0","0",0,0,"2","0","1",0
500,7000,87,37215,0,0,0,0,0,0,0,"460",0,"0","0","0",0,0,"0","0","0",0
2000,7900,62,940341,34,8,34,34,20,20,20,"763",0,"0","0","0",167,167,"0","0","1",0
500,8100,67,40535,0,0,0,0,0,0,0,"47",0,"0","0","0",0,0,"0","0","0",0
2000,6100,79,631407,0,0,0,0,0,0,0,"156",0,"0","0","0",0,0,"2","0","0",0
2000,9000,185,744808,0,0,0,0,0,0,0,"444",0,"0","0","0",0,0,"2","0","1",0
2000,8100,55,1503860,0,0,0,0,0,0,0,"39",0,"0","0","2",32,32,"0","0","0",0
500,5400,36,37394,0,0,0,0,0,0,0,"312",0,"0","0","0",79,79,"0","0","0",0
5000,8800,126,649910,0,0,0,0,0,0,0,"410",8,"0","0","0",4,4,"0","0","0",0
2000,5900,30,220062,0,0,0,0,0,0,0,"266",0,"0","0","0",0,0,"0","0","0",0
500,4800,11,75453,0,0,0,0,0,0,0,"618",0,"0","0","0",0,0,"0","0","0",0
3000,6700,117,0,0,0,0,0,0,0,0,"42",0,"0","0","0",0,0,"2","0","0",0
2000,7500,58,360652,8,2,8,8,4,4,4,"264",0,"0","0","0",0,0,"0","0","0",1
8000,9400,142,2363963,0,0,0,0,0,0,0,"646",0,"2","0","0",0,0,"2","1","1",0
500,6500,54,94125,0,0,0,0,0,0,0,"356",0,"0","0","0",0,0,"0","0","0",0
500,7400,46,228284,0,0,0,0,0,0,0,"8",0,"0","0","0",40,40,"0","0","0",0
500,4900,59,12871,0,0,0,0,0,0,0,"456",0,"0","0","0",0,0,"0","0","0",0
500,5400,91,214370,0,0,0,0,0,0,0,"254",0,"0","0","0",2,0,"0","0","0",0
500,3500,5,22501,0,0,0,0,0,0,0,"386",0,"0","0","0",0,0,"0","0","0",0
2000,8200,89,397585,0,0,0,0,0,0,0,"55",0,"0","0","0",0,0,"0","0","0",0
500,7900,97,352519,0,0,0,0,0,0,0,"541",0,"0","0","0",0,0,"2","0","0",0
500,5900,44,373752,42,23,42,42,22,22,22,"1350",0,"0","0","0",0,0,"0","0","0",0
500,8600,84,114820,0,0,0,0,0,0,0,"374",12,"0","0","0",43,43,"2","0","0",0
500,6100,92,305595,26,12,26,26,22,22,22,"252",0,"0","0","0",0,0,"0","0","0",0
500,6100,5,227165,13,8,13,13,2,2,2,"382",0,"0","0","0",0,0,"0","0","0",0
2000,8300,77,1503860,0,0,0,0,0,0,0,"39",0,"0","0","2",32,32,"0","0","0",0
500,6400,100,0,0,0,0,0,0,0,0,"496",0,"0","0","0",0,0,"0","0","0",0
3000,9000,136,2180621,0,0,0,0,0,0,0,"243",16,"0","0","0",0,0,"0","0","1",0
2000,7900,106,538747,0,0,0,0,0,0,0,"448",0,"0","0","0",0,0,"2","0","0",0
3000,9100,80,262738,15,4,15,15,7,7,7,"32",0,"0","0","0",35,35,"0","0","0",0
500,8200,87,1815872,0,0,0,0,0,0,0,"128",0,"0","0","0",98,98,"2","0","0",0
500,6800,50,598947,0,0,0,0,0,0,0,"244",0,"0","0","0",5,0,"0","0","0",0
500,7700,57,1153618,38,17,38,38,14,14,14,"860",0,"0","0","0",0,0,"0","0","0",0
500,7100,7,0,1,0,1,1,1,1,1,"854",0,"0","0","0",34,0,"0","0","1",0
500,6900,52,25475,0,0,0,0,0,0,0,"158",0,"0","0","0",20,20,"0","0","0",0
500,5700,50,77366,0,0,0,0,0,0,0,"226",0,"0","0","0",34,34,"0","0","0",0
2000,8100,72,394304,0,0,0,0,0,0,0,"44",0,"0","0","0",0,0,"0","0","0",0
500,7600,57,135646,0,0,0,0,0,0,0,"282",0,"0","0","0",30,30,"0","0","0",0
2000,3500,6,47904,42,37,42,42,5,5,5,"1193",0,"0","0","0",0,0,"0","0","0",0
500,6000,7,0,1,0,1,1,1,1,1,"677",0,"0","0","0",0,0,"0","0","0",0
500,8100,53,603869,0,0,0,0,0,0,0,"153",0,"0","2","0",0,0,"0","0","0",0
2000,6800,13,685970,48,30,48,48,5,5,5,"1134",0,"0","0","0",0,0,"0","0","0",0
2000,8800,141,873287,0,0,0,0,0,0,0,"87",8,"0","0","0",80,80,"2","0","0",0
500,7500,66,312,0,0,0,0,0,0,0,"891",0,"0","0","0",0,0,"0","0","0",0
500,5500,16,64356,2,0,2,2,2,2,2,"281",0,"0","0","0",12,12,"0","0","0",0
2000,7500,59,0,23,7,23,23,6,6,6,"422",0,"0","0","0",42,42,"2","0","0",0
500,4000,18,114640,0,0,0,0,0,0,0,"256",0,"0","0","0",9,9,"0","0","0",0
500,6000,18,299523,0,0,0,0,0,0,0,"196",0,"0","0","0",0,4,"0","0","0",0
2000,7900,81,123327,0,0,0,0,0,0,0,"43",0,"0","0","0",0,7,"2","0","0",0
500,7800,70,381,0,0,0,0,0,0,0,"428",0,"0","0","0",0,0,"0","0","0",0
500,5900,94,317271,6,2,6,6,4,4,4,"564",0,"0","0","0",0,0,"0","0","0",0
5000,9300,156,922361,0,0,0,0,0,0,0,"1",0,"0","0","0",20,0,"0","1","1",4
500,5100,30,308925,0,0,0,0,0,0,0,"212",0,"0","0","0",0,0,"0","0","0",0
500,5300,4,0,0,0,0,0,0,0,0,"890",0,"0","0","0",0,0,"0","0","0",0
500,5000,8,180029,0,0,0,0,0,0,0,"481",0,"0","0","0",0,0,"0","0","0",0
500,5400,83,540020,0,0,0,0,0,0,0,"20",0,"0","0","0",3,0,"0","0","0",0
500,7500,49,0,1,0,1,1,0,0,0,"833",0,"0","0","0",0,0,"0","0","0",0
500,6400,34,19555,0,0,0,0,0,0,0,"151",0,"0","0","0",0,0,"0","0","0",0
500,7000,50,87643,0,0,0,0,0,0,0,"218",16,"0","0","0",0,0,"0","0","0",0
2000,4800,67,315645,46,36,46,46,7,7,7,"1122",0,"0","0","0",17,17,"0","0","0",0
3000,7500,61,257699,37,4,37,37,27,27,27,"79",0,"0","0","0",124,124,"0","0","0",0
500,0,2,0,0,0,0,0,0,0,0,"760",0,"0","0","0",0,0,"0","0","0",0
10000,8300,49,411958,0,0,0,0,0,0,0,"6",0,"0","0","0",30,30,"2","0","0",0
500,5200,68,0,0,0,0,0,0,0,0,"549",0,"0","0","0",0,0,"0","0","0",0
500,7600,39,0,2,1,2,2,1,1,1,"841",0,"0","0","0",5,5,"0","0","1",0
500,7000,30,22522,0,0,0,0,0,0,0,"451",0,"0","0","0",0,0,"0","0","0",0
500,8600,56,114820,0,0,0,0,0,0,0,"374",0,"0","0","0",43,43,"2","0","0",0
5000,7000,61,513190,0,0,0,0,0,0,0,"123",0,"0","0","0",12,12,"0","0","0",0
3000,8100,49,18034,0,0,0,0,0,0,0,"48",0,"0","0","0",621,621,"2","0","0",0
500,8300,69,14306,8,3,8,8,2,2,2,"1010",0,"0","0","0",24,0,"0","0","0",0
500,5700,29,8895,0,0,0,0,0,0,0,"372",0,"0","0","0",0,0,"0","0","0",0
500,7700,119,241135,0,0,0,0,0,0,0,"218",12,"0","0","0",2,0,"0","0","0",0
500,8700,128,1749217,0,0,0,0,0,0,0,"129",0,"0","0","0",0,0,"2","0","1",0
2000,9200,80,922361,0,0,0,0,0,0,0,"1",0,"0","0","0",20,0,"2","1","1",3
500,6200,47,4315,0,0,0,0,0,0,0,"642",0,"0","0","0",40,40,"0","0","0",0
500,6000,5,152120,0,0,0,0,0,0,0,"174",0,"0","0","0",30,30,"0","0","0",0
500,6300,83,334974,0,0,0,0,0,0,0,"455",0,"0","0","0",2,0,"0","0","0",0
500,7500,27,6274,0,0,0,0,0,0,0,"47",0,"0","0","0",0,0,"0","0","0",0
2000,8100,111,670440,0,0,0,0,0,0,0,"725",0,"0","0","0",0,0,"2","0","0",0
500,7700,48,6274,0,0,0,0,0,0,0,"47",0,"0","0","0",0,0,"0","0","0",0
500,6200,59,746269,0,0,0,0,0,0,0,"18",0,"0","0","0",0,0,"0","0","1",0
2000,7100,94,123467,0,0,0,0,0,0,0,"152",0,"0","0","0",0,0,"0","0","0",0
500,7600,89,90686,33,17,33,33,19,19,19,"18",0,"0","0","0",4,0,"0","0","0",0
500,7600,71,4538,0,0,0,0,0,0,0,"655",0,"0","0","0",0,0,"0","0","0",0
3000,8200,77,242674,31,13,31,31,9,9,9,"48",0,"0","0","0",199,199,"0","0","0",0
2000,8300,101,673497,0,0,0,0,0,0,0,"274",0,"0","0","0",0,0,"0","0","0",0
500,5400,3,0,0,0,0,0,0,0,0,"863",0,"0","0","0",9,9,"0","0","0",0
500,6100,38,391657,0,0,0,0,0,0,0,"388",0,"0","0","0",32,32,"0","0","0",0
500,5500,50,55958,0,0,0,0,0,0,0,"67",0,"0","0","0",26,26,"0","0","0",0
500,6200,93,341566,0,0,0,0,0,0,0,"305",0,"0","0","0",10,13,"0","0","0",0
5000,8100,73,883301,0,0,0,0,0,0,0,"413",0,"0","0","0",46,46,"2","1","0",0
500,7400,33,0,4,2,4,4,1,1,1,"201",0,"0","0","0",325,325,"0","0","0",0
500,5700,42,181085,0,0,0,0,0,0,0,"715",0,"0","0","0",43,43,"0","0","0",0
2000,8900,110,674410,0,0,0,0,0,0,0,"81",8,"0","0","0",310,310,"2","0","0",0
2000,7600,39,513282,0,0,0,0,0,0,0,"49",0,"0","0","0",54,54,"2","0","0",0
500,6200,30,84124,0,0,0,0,0,0,0,"393",10,"0","0","0",0,0,"0","0","0",0
500,5900,39,0,6,0,6,6,6,6,6,"926",0,"0","0","0",0,0,"0","0","0",0
500,7200,39,0,0,0,0,0,0,0,0,"198",0,"0","0","0",114,114,"0","0","0",0
500,6900,65,0,25,4,25,25,13,13,13,"22",0,"0","0","0",6,6,"0","0","0",0
500,6100,11,221857,0,0,0,0,0,0,0,"174",0,"0","0","0",18,18,"0","0","0",0
500,5900,54,9772,1,0,1,1,1,1,1,"895",0,"0","0","0",8,8,"0","0","0",0
8000,8600,137,4365238,204,39,204,204,83,83,83,"11",18,"0","0","0",0,0,"0","0","1",0
500,5400,22,0,0,0,0,0,0,0,0,"621",0,"0","0","0",0,0,"0","0","0",0
2000,8300,72,304545,0,0,0,0,0,0,0,"286",0,"0","0","0",27,0,"0","0","0",0
2000,8500,103,169907,54,21,54,54,42,42,42,"754",0,"0","0","0",0,0,"2","0","1",0
500,8000,45,0,0,0,0,0,0,0,0,"406",0,"0","0","0",12,12,"0","0","0",0
500,5200,7,86725,5,0,5,5,3,3,3,"1229",0,"0","0","0",0,0,"0","0","0",0
500,8400,10,0,1,0,1,1,0,0,0,"1168",0,"0","0","0",0,0,"0","0","0",0
500,7000,8,327421,0,0,0,0,0,0,0,"69",0,"0","0","0",0,0,"0","0","0",0
500,5900,49,95291,0,0,0,0,0,0,0,"66",0,"0","0","0",41,41,"0","0","0",0
500,6400,73,398306,0,0,0,0,0,0,0,"250",0,"0","0","2",6,0,"0","0","1",0
500,6900,28,67486,0,0,0,0,0,0,0,"201",0,"0","0","0",329,329,"0","0","0",0
500,7500,26,0,6,3,6,6,1,1,1,"201",0,"0","0","0",325,325,"0","0","0",0
500,4300,38,367328,0,0,0,0,0,0,0,"714",0,"0","0","0",0,0,"0","0","0",0
500,6600,49,84124,0,0,0,0,0,0,0,"393",10,"0","0","0",0,0,"0","0","0",0
500,5700,7,176797,3,0,3,3,3,3,3,"1234",0,"0","0","0",13,13,"0","0","0",0
500,3800,17,191088,0,0,0,0,0,0,0,"15",0,"0","0","0",0,0,"0","0","0",0
3000,8000,71,1164838,0,0,0,0,0,0,0,"44",0,"0","0","2",53,53,"0","0","0",0
500,8800,93,1834182,0,0,0,0,0,0,0,"279",0,"0","0","0",4,4,"0","0","1",0
2000,8800,34,28203,0,0,0,0,0,0,0,"52",7,"0","0","0",30,30,"0","0","0",0
500,6300,11,74602,0,0,0,0,0,0,0,"675",0,"0","0","0",10,0,"0","0","0",0
500,5800,59,0,49,10,49,49,9,9,9,"1073",0,"0","0","0",0,0,"0","0","0",0
500,6300,5,22239,4,1,4,4,3,3,3,"681",0,"0","0","0",0,0,"0","0","0",0
500,5400,3,144712,2,0,2,2,2,2,2,"262",0,"0","0","0",0,0,"0","0","0",0
2000,8000,77,385852,0,0,0,0,0,0,0,"203",0,"0","0","0",26,26,"2","0","0",0
500,6400,43,232964,0,0,0,0,0,0,0,"221",0,"0","0","0",0,0,"0","0","0",0
3000,9100,143,582649,0,0,0,0,0,0,0,"565",0,"0","0","0",0,0,"2","1","1",0
500,7600,71,228284,0,0,0,0,0,0,0,"8",0,"0","0","0",19,19,"0","0","0",0
500,7200,66,148530,0,0,0,0,0,0,0,"635",0,"0","0","0",6,0,"0","0","0",0
5000,8400,136,1345876,0,0,0,0,0,0,0,"445",0,"0","0","0",10,10,"2","0","1",2
3000,7000,64,437694,0,0,0,0,0,0,0,"44",0,"0","0","2",25,25,"0","0","0",0
500,5500,10,152120,0,0,0,0,0,0,0,"174",0,"0","0","0",30,30,"0","0","0",0
500,5900,26,0,0,0,0,0,0,0,0,"621",0,"0","0","0",0,0,"0","0","0",0
500,7800,58,25120,0,0,0,0,0,0,0,"199",0,"0","0","0",110,110,"0","0","0",0
5000,8700,74,222511,0,0,0,0,0,0,0,"48",0,"0","0","0",512,512,"2","0","0",0
500,6000,31,55669,37,12,37,37,19,19,19,"1362",0,"0","0","0",92,92,"0","0","0",0
2000,8400,93,1616915,0,0,0,0,0,0,0,"40",0,"0","0","0",72,72,"0","0","0",0
2000,7700,48,513282,0,0,0,0,0,0,0,"49",0,"0","0","0",54,54,"2","0","0",0
23000,9600,146,2479325,0,0,0,0,0,0,0,"361",0,"2","2","0",0,0,"2","0","1",2
500,8300,126,639700,0,0,0,0,0,0,0,"80",2,"0","0","0",0,0,"2","0","0",0
500,6100,86,0,0,0,0,0,0,0,0,"70",0,"0","0","0",22,22,"0","0","0",0
500,7000,44,1014891,0,0,0,0,0,0,0,"284",0,"0","0","0",4,4,"0","0","0",0
500,6400,43,0,1,0,1,1,1,1,1,"1089",0,"0","0","0",0,0,"0","0","0",0
500,7700,71,1153618,0,0,0,0,0,0,0,"860",0,"0","0","0",0,0,"0","0","0",0
3000,9000,96,1329383,0,0,0,0,0,0,0,"385",0,"0","0","0",0,0,"0","1","1",5
500,2800,51,233505,0,0,0,0,0,0,0,"447",0,"0","0","2",0,0,"0","0","0",0
500,4600,44,487737,29,13,29,29,11,11,11,"19",0,"0","0","2",0,0,"0","0","0",0
500,4800,5,37066,0,0,0,0,0,0,0,"10",0,"0","0","0",0,0,"0","0","0",0
500,6800,88,240488,0,0,0,0,0,0,0,"414",0,"0","0","0",0,0,"2","0","0",0
500,6500,93,62744,0,0,0,0,0,0,0,"181",16,"0","0","0",42,42,"0","0","0",0
500,7500,64,91439,10,2,10,10,5,5,5,"279",0,"0","0","0",0,0,"0","0","0",0
500,7800,87,2241,3,0,3,3,2,2,2,"900",0,"0","0","0",62,0,"0","0","0",0
500,6700,19,67486,0,0,0,0,0,0,0,"201",0,"0","0","0",329,329,"0","0","0",0
500,7200,73,20658,0,0,0,0,0,0,0,"270",0,"0","0","0",0,0,"0","0","0",0
500,7500,67,2330,0,0,0,0,0,0,0,"210",0,"0","0","0",50,0,"0","0","0",0
3000,7900,64,145077,47,24,47,47,12,12,12,"44",0,"0","0","2",0,0,"0","0","0",0
2000,8800,55,16504,26,13,26,26,9,9,9,"52",0,"0","0","0",0,0,"0","0","0",0
500,7700,88,537923,0,0,0,0,0,0,0,"407",0,"0","0","0",0,0,"0","0","1",0
500,5400,17,64356,2,0,2,2,2,2,2,"281",0,"0","0","0",12,12,"0","0","0",0
500,6300,51,195081,0,0,0,0,0,0,0,"291",0,"0","0","0",2,2,"0","0","0",0
500,4300,4,180029,0,0,0,0,0,0,0,"481",0,"0","0","0",0,0,"0","0","0",0
500,7000,67,121700,0,0,0,0,0,0,0,"597",0,"0","0","0",0,0,"0","0","0",0
500,7100,80,121700,0,0,0,0,0,0,0,"597",0,"0","0","0",0,0,"2","0","0",0
2000,8100,135,451502,0,0,0,0,0,0,0,"490",6,"0","0","0",0,0,"2","0","1",0
2000,7800,57,12461,0,0,0,0,0,0,0,"199",0,"0","0","0",256,256,"0","0","0",0
500,6100,27,459861,0,0,0,0,0,0,0,"5",0,"0","0","0",0,0,"0","0","0",0
500,7100,45,0,0,0,0,0,0,0,0,"42",0,"0","0","0",0,0,"0","0","0",0
500,4600,45,92257,0,0,0,0,0,0,0,"240",0,"0","0","0",0,0,"0","0","0",0
500,4000,30,396868,10,4,10,10,6,6,6,"1044",0,"0","0","0",6,6,"0","0","0",0
500,6900,48,204611,0,0,0,0,0,0,0,"96",0,"0","0","0",25,25,"0","0","0",0
2000,8500,97,648530,0,0,0,0,0,0,0,"190",6,"0","0","2",0,9,"2","0","0",0
2000,8200,55,467424,0,0,0,0,0,0,0,"38",0,"0","0","0",27,27,"2","0","0",0
500,6900,31,688576,0,0,0,0,0,0,0,"96",0,"0","0","0",17,17,"0","0","0",0
2000,9200,113,752566,0,0,0,0,0,0,0,"32",0,"0","0","0",19,19,"2","0","1",0
2000,8700,78,1172663,34,17,34,34,9,9,9,"48",0,"0","0","0",0,0,"2","0","0",0
19000,9700,112,2089715,0,0,0,0,0,0,0,"361",0,"2","2","0",0,0,"2","0","1",2
3000,8600,113,850081,0,0,0,0,0,0,0,"38",0,"0","0","0",48,48,"0","0","0",0
2000,7700,82,241135,0,0,0,0,0,0,0,"218",0,"0","0","0",2,0,"0","0","0",0
500,6000,46,398306,0,0,0,0,0,0,0,"250",0,"0","0","2",6,6,"0","0","1",0
500,8100,29,72764,0,0,0,0,0,0,0,"4",0,"0","0","0",326,326,"0","0","0",0
2000,7000,39,779723,0,0,0,0,0,0,0,"5",0,"0","0","0",120,120,"0","0","0",0
500,6700,82,0,26,4,26,26,13,13,13,"22",0,"0","0","0",6,6,"0","0","0",0
2000,7500,59,769387,34,14,34,34,15,15,15,"179",0,"0","0","0",70,70,"2","0","1",0
8000,7400,66,1242470,99,48,99,99,28,28,28,"1118",0,"0","0","0",0,0,"0","0","0",0
3000,8100,98,506824,0,0,0,0,0,0,0,"169",0,"0","0","0",6,0,"0","0","1",0
2000,8400,72,3030132,89,30,89,89,61,61,61,"39",0,"0","0","2",32,32,"0","0","0",0
2000,6100,112,49260,0,0,0,0,0,0,0,"85",0,"0","0","0",7,0,"0","0","0",0
500,3200,49,0,49,37,49,49,6,6,6,"1263",0,"0","0","0",0,0,"0","0","0",0
500,7400,40,115259,2,0,2,2,2,2,2,"372",0,"0","0","0",3,3,"0","0","0",0
3000,8200,103,907724,0,0,0,0,0,0,0,"486",4,"0","0","0",0,0,"0","1","0",16
500,6900,22,76488,0,0,0,0,0,0,0,"201",0,"0","0","0",64,64,"0","0","0",0
2000,8600,89,1006612,0,0,0,0,0,0,0,"657",0,"0","0","0",0,0,"0","0","0",0
500,7000,86,70234,0,0,0,0,0,0,0,"497",0,"0","0","0",42,42,"0","0","0",0
500,6800,49,0,0,0,0,0,0,0,0,"7",0,"0","0","0",0,0,"0","0","0",0
2000,8500,107,793713,0,0,0,0,0,0,0,"123",0,"0","0","0",0,0,"0","0","0",0
2000,8300,26,534158,0,0,0,0,0,0,0,"6",0,"0","0","0",0,0,"0","0","0",0
500,7600,73,74139,0,0,0,0,0,0,0,"53",0,"0","0","0",0,0,"0","0","0",0
500,4800,77,25811,0,0,0,0,0,0,0,"570",0,"0","0","0",2,0,"0","0","0",0
2000,7100,60,924460,0,0,0,0,0,0,0,"40",0,"0","0","0",75,75,"2","0","0",0
500,1600,13,0,0,0,0,0,0,0,0,"397",0,"2","0","0",0,0,"0","0","0",0
500,7300,85,546056,0,0,0,0,0,0,0,"260",0,"0","0","0",0,0,"0","0","0",0
500,5500,76,0,0,0,0,0,0,0,0,"300",4,"0","0","0",0,0,"0","0","0",0
2000,5400,37,331563,0,0,0,0,0,0,0,"360",0,"0","0","0",81,81,"0","0","0",0
2000,5400,56,564834,0,0,0,0,0,0,0,"369",0,"0","0","0",10,0,"0","0","0",0
2000,7400,60,94900,0,0,0,0,0,0,0,"495",0,"0","0","2",55,55,"0","0","0",0
